id,name,varId,val,year-month
011200000000,MAŁOPOLSKIE,461680,11.0,2011-01
011200000000,MAŁOPOLSKIE,461680,11.1,2012-01
011200000000,MAŁOPOLSKIE,461680,12.2,2013-01
011200000000,MAŁOPOLSKIE,461680,12.0,2014-01
011200000000,MAŁOPOLSKIE,461680,10.1,2015-01
011200000000,MAŁOPOLSKIE,461680,8.6,2016-01
011200000000,MAŁOPOLSKIE,461680,6.8,2017-01
011200000000,MAŁOPOLSKIE,461680,5.5,2018-01
011200000000,MAŁOPOLSKIE,461680,4.9,2019-01
011200000000,MAŁOPOLSKIE,461680,4.3,2020-01
011200000000,MAŁOPOLSKIE,461680,5.6,2021-01
011200000000,MAŁOPOLSKIE,461680,5.1,2022-01
011200000000,MAŁOPOLSKIE,461680,4.7,2023-01
011200000000,MAŁOPOLSKIE,461680,4.5,2024-01
011200000000,MAŁOPOLSKIE,461680,4.4,2025-01
012400000000,ŚLĄSKIE,461680,10.6,2011-01
012400000000,ŚLĄSKIE,461680,10.8,2012-01
012400000000,ŚLĄSKIE,461680,11.9,2013-01
012400000000,ŚLĄSKIE,461680,11.7,2014-01
012400000000,ŚLĄSKIE,461680,10.0,2015-01
012400000000,ŚLĄSKIE,461680,8.5,2016-01
012400000000,ŚLĄSKIE,461680,6.8,2017-01
012400000000,ŚLĄSKIE,461680,5.3,2018-01
012400000000,ŚLĄSKIE,461680,4.6,2019-01
012400000000,ŚLĄSKIE,461680,3.9,2020-01
012400000000,ŚLĄSKIE,461680,5.2,2021-01
012400000000,ŚLĄSKIE,461680,4.4,2022-01
012400000000,ŚLĄSKIE,461680,4.0,2023-01
012400000000,ŚLĄSKIE,461680,3.8,2024-01
012400000000,ŚLĄSKIE,461680,3.9,2025-01
020800000000,LUBUSKIE,461680,16.6,2011-01
020800000000,LUBUSKIE,461680,16.5,2012-01
020800000000,LUBUSKIE,461680,17.1,2013-01
020800000000,LUBUSKIE,461680,16.5,2014-01
020800000000,LUBUSKIE,461680,13.1,2015-01
020800000000,LUBUSKIE,461680,11.2,2016-01
020800000000,LUBUSKIE,461680,8.9,2017-01
020800000000,LUBUSKIE,461680,7.0,2018-01
020800000000,LUBUSKIE,461680,6.2,2019-01
020800000000,LUBUSKIE,461680,5.3,2020-01
020800000000,LUBUSKIE,461680,6.6,2021-01
020800000000,LUBUSKIE,461680,5.2,2022-01
020800000000,LUBUSKIE,461680,4.8,2023-01
020800000000,LUBUSKIE,461680,4.7,2024-01
020800000000,LUBUSKIE,461680,4.8,2025-01
023000000000,WIELKOPOLSKIE,461680,9.9,2011-01
023000000000,WIELKOPOLSKIE,461680,9.7,2012-01
023000000000,WIELKOPOLSKIE,461680,10.5,2013-01
023000000000,WIELKOPOLSKIE,461680,10.0,2014-01
023000000000,WIELKOPOLSKIE,461680,8.0,2015-01
023000000000,WIELKOPOLSKIE,461680,6.4,2016-01
023000000000,WIELKOPOLSKIE,461680,5.1,2017-01
023000000000,WIELKOPOLSKIE,461680,3.8,2018-01
023000000000,WIELKOPOLSKIE,461680,3.3,2019-01
023000000000,WIELKOPOLSKIE,461680,3.1,2020-01
023000000000,WIELKOPOLSKIE,461680,3.9,2021-01
023000000000,WIELKOPOLSKIE,461680,3.3,2022-01
023000000000,WIELKOPOLSKIE,461680,3.2,2023-01
023000000000,WIELKOPOLSKIE,461680,3.2,2024-01
023000000000,WIELKOPOLSKIE,461680,3.3,2025-01
023200000000,ZACHODNIOPOMORSKIE,461680,18.8,2011-01
023200000000,ZACHODNIOPOMORSKIE,461680,18.5,2012-01
023200000000,ZACHODNIOPOMORSKIE,461680,19.3,2013-01
023200000000,ZACHODNIOPOMORSKIE,461680,18.7,2014-01
023200000000,ZACHODNIOPOMORSKIE,461680,16.3,2015-01
023200000000,ZACHODNIOPOMORSKIE,461680,13.8,2016-01
023200000000,ZACHODNIOPOMORSKIE,461680,11.4,2017-01
023200000000,ZACHODNIOPOMORSKIE,461680,8.9,2018-01
023200000000,ZACHODNIOPOMORSKIE,461680,7.8,2019-01
023200000000,ZACHODNIOPOMORSKIE,461680,7.2,2020-01
023200000000,ZACHODNIOPOMORSKIE,461680,8.8,2021-01
023200000000,ZACHODNIOPOMORSKIE,461680,7.5,2022-01
023200000000,ZACHODNIOPOMORSKIE,461680,7.2,2023-01
023200000000,ZACHODNIOPOMORSKIE,461680,7.2,2024-01
023200000000,ZACHODNIOPOMORSKIE,461680,7.2,2025-01
030200000000,DOLNOŚLĄSKIE,461680,13.8,2011-01
030200000000,DOLNOŚLĄSKIE,461680,13.2,2012-01
030200000000,DOLNOŚLĄSKIE,461680,14.3,2013-01
030200000000,DOLNOŚLĄSKIE,461680,13.6,2014-01
030200000000,DOLNOŚLĄSKIE,461680,10.9,2015-01
030200000000,DOLNOŚLĄSKIE,461680,8.9,2016-01
030200000000,DOLNOŚLĄSKIE,461680,7.5,2017-01
030200000000,DOLNOŚLĄSKIE,461680,5.9,2018-01
030200000000,DOLNOŚLĄSKIE,461680,5.4,2019-01
030200000000,DOLNOŚLĄSKIE,461680,4.9,2020-01
030200000000,DOLNOŚLĄSKIE,461680,5.8,2021-01
030200000000,DOLNOŚLĄSKIE,461680,5.0,2022-01
030200000000,DOLNOŚLĄSKIE,461680,4.8,2023-01
030200000000,DOLNOŚLĄSKIE,461680,4.7,2024-01
030200000000,DOLNOŚLĄSKIE,461680,5.0,2025-01
031600000000,OPOLSKIE,461680,14.6,2011-01
031600000000,OPOLSKIE,461680,14.1,2012-01
031600000000,OPOLSKIE,461680,15.4,2013-01
031600000000,OPOLSKIE,461680,15.0,2014-01
031600000000,OPOLSKIE,461680,12.3,2015-01
031600000000,OPOLSKIE,461680,10.6,2016-01
031600000000,OPOLSKIE,461680,9.3,2017-01
031600000000,OPOLSKIE,461680,7.5,2018-01
031600000000,OPOLSKIE,461680,6.5,2019-01
031600000000,OPOLSKIE,461680,6.1,2020-01
031600000000,OPOLSKIE,461680,7.3,2021-01
031600000000,OPOLSKIE,461680,6.6,2022-01
031600000000,OPOLSKIE,461680,6.3,2023-01
031600000000,OPOLSKIE,461680,6.2,2024-01
031600000000,OPOLSKIE,461680,6.3,2025-01
040400000000,KUJAWSKO-POMORSKIE,461680,17.8,2011-01
040400000000,KUJAWSKO-POMORSKIE,461680,17.8,2012-01
040400000000,KUJAWSKO-POMORSKIE,461680,19.0,2013-01
040400000000,KUJAWSKO-POMORSKIE,461680,18.8,2014-01
040400000000,KUJAWSKO-POMORSKIE,461680,16.1,2015-01
040400000000,KUJAWSKO-POMORSKIE,461680,13.8,2016-01
040400000000,KUJAWSKO-POMORSKIE,461680,12.4,2017-01
040400000000,KUJAWSKO-POMORSKIE,461680,10.3,2018-01
040400000000,KUJAWSKO-POMORSKIE,461680,9.2,2019-01
040400000000,KUJAWSKO-POMORSKIE,461680,8.3,2020-01
040400000000,KUJAWSKO-POMORSKIE,461680,9.4,2021-01
040400000000,KUJAWSKO-POMORSKIE,461680,8.3,2022-01
040400000000,KUJAWSKO-POMORSKIE,461680,7.8,2023-01
040400000000,KUJAWSKO-POMORSKIE,461680,7.6,2024-01
040400000000,KUJAWSKO-POMORSKIE,461680,7.7,2025-01
042200000000,POMORSKIE,461680,13.2,2011-01
042200000000,POMORSKIE,461680,13.3,2012-01
042200000000,POMORSKIE,461680,14.3,2013-01
042200000000,POMORSKIE,461680,13.7,2014-01
042200000000,POMORSKIE,461680,11.6,2015-01
042200000000,POMORSKIE,461680,9.3,2016-01
042200000000,POMORSKIE,461680,7.3,2017-01
042200000000,POMORSKIE,461680,5.6,2018-01
042200000000,POMORSKIE,461680,5.2,2019-01
042200000000,POMORSKIE,461680,4.8,2020-01
042200000000,POMORSKIE,461680,6.3,2021-01
042200000000,POMORSKIE,461680,5.3,2022-01
042200000000,POMORSKIE,461680,4.9,2023-01
042200000000,POMORSKIE,461680,4.9,2024-01
042200000000,POMORSKIE,461680,4.9,2025-01
042800000000,WARMIŃSKO-MAZURSKIE,461680,21.1,2011-01
042800000000,WARMIŃSKO-MAZURSKIE,461680,21.2,2012-01
042800000000,WARMIŃSKO-MAZURSKIE,461680,22.4,2013-01
042800000000,WARMIŃSKO-MAZURSKIE,461680,22.4,2014-01
042800000000,WARMIŃSKO-MAZURSKIE,461680,19.5,2015-01
042800000000,WARMIŃSKO-MAZURSKIE,461680,16.9,2016-01
042800000000,WARMIŃSKO-MAZURSKIE,461680,14.7,2017-01
042800000000,WARMIŃSKO-MAZURSKIE,461680,12.2,2018-01
042800000000,WARMIŃSKO-MAZURSKIE,461680,10.9,2019-01
042800000000,WARMIŃSKO-MAZURSKIE,461680,9.7,2020-01
042800000000,WARMIŃSKO-MAZURSKIE,461680,10.7,2021-01
042800000000,WARMIŃSKO-MAZURSKIE,461680,9.6,2022-01
042800000000,WARMIŃSKO-MAZURSKIE,461680,9.2,2023-01
042800000000,WARMIŃSKO-MAZURSKIE,461680,9.0,2024-01
042800000000,WARMIŃSKO-MAZURSKIE,461680,9.0,2025-01
011200000000,MAŁOPOLSKIE,461681,11.2,2011-02
011200000000,MAŁOPOLSKIE,461681,11.3,2012-02
011200000000,MAŁOPOLSKIE,461681,12.5,2013-02
011200000000,MAŁOPOLSKIE,461681,12.0,2014-02
011200000000,MAŁOPOLSKIE,461681,10.1,2015-02
011200000000,MAŁOPOLSKIE,461681,8.7,2016-02
011200000000,MAŁOPOLSKIE,461681,6.7,2017-02
011200000000,MAŁOPOLSKIE,461681,5.5,2018-02
011200000000,MAŁOPOLSKIE,461681,4.9,2019-02
011200000000,MAŁOPOLSKIE,461681,4.3,2020-02
011200000000,MAŁOPOLSKIE,461681,5.6,2021-02
011200000000,MAŁOPOLSKIE,461681,5.1,2022-02
011200000000,MAŁOPOLSKIE,461681,4.7,2023-02
011200000000,MAŁOPOLSKIE,461681,4.5,2024-02
011200000000,MAŁOPOLSKIE,461681,4.5,2025-02
012400000000,ŚLĄSKIE,461681,10.8,2011-02
012400000000,ŚLĄSKIE,461681,11.1,2012-02
012400000000,ŚLĄSKIE,461681,12.1,2013-02
012400000000,ŚLĄSKIE,461681,11.7,2014-02
012400000000,ŚLĄSKIE,461681,10.0,2015-02
012400000000,ŚLĄSKIE,461681,8.5,2016-02
012400000000,ŚLĄSKIE,461681,6.7,2017-02
012400000000,ŚLĄSKIE,461681,5.3,2018-02
012400000000,ŚLĄSKIE,461681,4.5,2019-02
012400000000,ŚLĄSKIE,461681,3.9,2020-02
012400000000,ŚLĄSKIE,461681,5.2,2021-02
012400000000,ŚLĄSKIE,461681,4.4,2022-02
012400000000,ŚLĄSKIE,461681,4.0,2023-02
012400000000,ŚLĄSKIE,461681,3.9,2024-02
012400000000,ŚLĄSKIE,461681,3.9,2025-02
020800000000,LUBUSKIE,461681,16.6,2011-02
020800000000,LUBUSKIE,461681,16.7,2012-02
020800000000,LUBUSKIE,461681,17.2,2013-02
020800000000,LUBUSKIE,461681,16.3,2014-02
020800000000,LUBUSKIE,461681,12.9,2015-02
020800000000,LUBUSKIE,461681,11.0,2016-02
020800000000,LUBUSKIE,461681,8.6,2017-02
020800000000,LUBUSKIE,461681,6.9,2018-02
020800000000,LUBUSKIE,461681,6.1,2019-02
020800000000,LUBUSKIE,461681,5.3,2020-02
020800000000,LUBUSKIE,461681,6.6,2021-02
020800000000,LUBUSKIE,461681,5.1,2022-02
020800000000,LUBUSKIE,461681,4.8,2023-02
020800000000,LUBUSKIE,461681,4.8,2024-02
020800000000,LUBUSKIE,461681,4.9,2025-02
023000000000,WIELKOPOLSKIE,461681,10.1,2011-02
023000000000,WIELKOPOLSKIE,461681,10.0,2012-02
023000000000,WIELKOPOLSKIE,461681,10.8,2013-02
023000000000,WIELKOPOLSKIE,461681,10.0,2014-02
023000000000,WIELKOPOLSKIE,461681,8.1,2015-02
023000000000,WIELKOPOLSKIE,461681,6.4,2016-02
023000000000,WIELKOPOLSKIE,461681,5.1,2017-02
023000000000,WIELKOPOLSKIE,461681,3.9,2018-02
023000000000,WIELKOPOLSKIE,461681,3.3,2019-02
023000000000,WIELKOPOLSKIE,461681,3.1,2020-02
023000000000,WIELKOPOLSKIE,461681,4.0,2021-02
023000000000,WIELKOPOLSKIE,461681,3.3,2022-02
023000000000,WIELKOPOLSKIE,461681,3.2,2023-02
023000000000,WIELKOPOLSKIE,461681,3.3,2024-02
023000000000,WIELKOPOLSKIE,461681,3.3,2025-02
023200000000,ZACHODNIOPOMORSKIE,461681,19.0,2011-02
023200000000,ZACHODNIOPOMORSKIE,461681,18.8,2012-02
023200000000,ZACHODNIOPOMORSKIE,461681,19.4,2013-02
023200000000,ZACHODNIOPOMORSKIE,461681,18.5,2014-02
023200000000,ZACHODNIOPOMORSKIE,461681,16.1,2015-02
023200000000,ZACHODNIOPOMORSKIE,461681,13.8,2016-02
023200000000,ZACHODNIOPOMORSKIE,461681,11.2,2017-02
023200000000,ZACHODNIOPOMORSKIE,461681,8.8,2018-02
023200000000,ZACHODNIOPOMORSKIE,461681,7.8,2019-02
023200000000,ZACHODNIOPOMORSKIE,461681,7.2,2020-02
023200000000,ZACHODNIOPOMORSKIE,461681,8.8,2021-02
023200000000,ZACHODNIOPOMORSKIE,461681,7.5,2022-02
023200000000,ZACHODNIOPOMORSKIE,461681,7.2,2023-02
023200000000,ZACHODNIOPOMORSKIE,461681,7.3,2024-02
023200000000,ZACHODNIOPOMORSKIE,461681,7.3,2025-02
030200000000,DOLNOŚLĄSKIE,461681,14.1,2011-02
030200000000,DOLNOŚLĄSKIE,461681,13.5,2012-02
030200000000,DOLNOŚLĄSKIE,461681,14.6,2013-02
030200000000,DOLNOŚLĄSKIE,461681,13.6,2014-02
030200000000,DOLNOŚLĄSKIE,461681,10.9,2015-02
030200000000,DOLNOŚLĄSKIE,461681,9.0,2016-02
030200000000,DOLNOŚLĄSKIE,461681,7.4,2017-02
030200000000,DOLNOŚLĄSKIE,461681,5.9,2018-02
030200000000,DOLNOŚLĄSKIE,461681,5.4,2019-02
030200000000,DOLNOŚLĄSKIE,461681,4.9,2020-02
030200000000,DOLNOŚLĄSKIE,461681,5.9,2021-02
030200000000,DOLNOŚLĄSKIE,461681,5.0,2022-02
030200000000,DOLNOŚLĄSKIE,461681,4.8,2023-02
030200000000,DOLNOŚLĄSKIE,461681,4.9,2024-02
030200000000,DOLNOŚLĄSKIE,461681,5.0,2025-02
031600000000,OPOLSKIE,461681,14.7,2011-02
031600000000,OPOLSKIE,461681,14.5,2012-02
031600000000,OPOLSKIE,461681,15.7,2013-02
031600000000,OPOLSKIE,461681,14.8,2014-02
031600000000,OPOLSKIE,461681,12.3,2015-02
031600000000,OPOLSKIE,461681,10.6,2016-02
031600000000,OPOLSKIE,461681,9.2,2017-02
031600000000,OPOLSKIE,461681,7.3,2018-02
031600000000,OPOLSKIE,461681,6.4,2019-02
031600000000,OPOLSKIE,461681,6.1,2020-02
031600000000,OPOLSKIE,461681,7.3,2021-02
031600000000,OPOLSKIE,461681,6.5,2022-02
031600000000,OPOLSKIE,461681,6.4,2023-02
031600000000,OPOLSKIE,461681,6.2,2024-02
031600000000,OPOLSKIE,461681,6.3,2025-02
040400000000,KUJAWSKO-POMORSKIE,461681,18.1,2011-02
040400000000,KUJAWSKO-POMORSKIE,461681,18.1,2012-02
040400000000,KUJAWSKO-POMORSKIE,461681,19.3,2013-02
040400000000,KUJAWSKO-POMORSKIE,461681,18.8,2014-02
040400000000,KUJAWSKO-POMORSKIE,461681,16.0,2015-02
040400000000,KUJAWSKO-POMORSKIE,461681,13.9,2016-02
040400000000,KUJAWSKO-POMORSKIE,461681,12.3,2017-02
040400000000,KUJAWSKO-POMORSKIE,461681,10.2,2018-02
040400000000,KUJAWSKO-POMORSKIE,461681,9.1,2019-02
040400000000,KUJAWSKO-POMORSKIE,461681,8.2,2020-02
040400000000,KUJAWSKO-POMORSKIE,461681,9.4,2021-02
040400000000,KUJAWSKO-POMORSKIE,461681,8.2,2022-02
040400000000,KUJAWSKO-POMORSKIE,461681,7.8,2023-02
040400000000,KUJAWSKO-POMORSKIE,461681,7.6,2024-02
040400000000,KUJAWSKO-POMORSKIE,461681,7.7,2025-02
042200000000,POMORSKIE,461681,13.5,2011-02
042200000000,POMORSKIE,461681,13.5,2012-02
042200000000,POMORSKIE,461681,14.6,2013-02
042200000000,POMORSKIE,461681,13.7,2014-02
042200000000,POMORSKIE,461681,11.6,2015-02
042200000000,POMORSKIE,461681,9.3,2016-02
042200000000,POMORSKIE,461681,7.2,2017-02
042200000000,POMORSKIE,461681,5.6,2018-02
042200000000,POMORSKIE,461681,5.2,2019-02
042200000000,POMORSKIE,461681,4.8,2020-02
042200000000,POMORSKIE,461681,6.3,2021-02
042200000000,POMORSKIE,461681,5.3,2022-02
042200000000,POMORSKIE,461681,5.0,2023-02
042200000000,POMORSKIE,461681,5.0,2024-02
042200000000,POMORSKIE,461681,5.0,2025-02
042800000000,WARMIŃSKO-MAZURSKIE,461681,21.6,2011-02
042800000000,WARMIŃSKO-MAZURSKIE,461681,21.5,2012-02
042800000000,WARMIŃSKO-MAZURSKIE,461681,22.6,2013-02
042800000000,WARMIŃSKO-MAZURSKIE,461681,22.2,2014-02
042800000000,WARMIŃSKO-MAZURSKIE,461681,19.5,2015-02
042800000000,WARMIŃSKO-MAZURSKIE,461681,16.9,2016-02
042800000000,WARMIŃSKO-MAZURSKIE,461681,14.6,2017-02
042800000000,WARMIŃSKO-MAZURSKIE,461681,12.1,2018-02
042800000000,WARMIŃSKO-MAZURSKIE,461681,10.9,2019-02
042800000000,WARMIŃSKO-MAZURSKIE,461681,9.7,2020-02
042800000000,WARMIŃSKO-MAZURSKIE,461681,10.8,2021-02
042800000000,WARMIŃSKO-MAZURSKIE,461681,9.5,2022-02
042800000000,WARMIŃSKO-MAZURSKIE,461681,9.2,2023-02
042800000000,WARMIŃSKO-MAZURSKIE,461681,9.0,2024-02
042800000000,WARMIŃSKO-MAZURSKIE,461681,9.0,2025-02
011200000000,MAŁOPOLSKIE,461682,11.1,2011-03
011200000000,MAŁOPOLSKIE,461682,11.3,2012-03
011200000000,MAŁOPOLSKIE,461682,12.4,2013-03
011200000000,MAŁOPOLSKIE,461682,11.7,2014-03
011200000000,MAŁOPOLSKIE,461682,9.9,2015-03
011200000000,MAŁOPOLSKIE,461682,8.4,2016-03
011200000000,MAŁOPOLSKIE,461682,6.4,2017-03
011200000000,MAŁOPOLSKIE,461682,5.3,2018-03
011200000000,MAŁOPOLSKIE,461682,4.7,2019-03
011200000000,MAŁOPOLSKIE,461682,4.3,2020-03
011200000000,MAŁOPOLSKIE,461682,5.5,2021-03
011200000000,MAŁOPOLSKIE,461682,5.0,2022-03
011200000000,MAŁOPOLSKIE,461682,4.6,2023-03
011200000000,MAŁOPOLSKIE,461682,4.4,2024-03
011200000000,MAŁOPOLSKIE,461682,4.4,2025-03
012400000000,ŚLĄSKIE,461682,10.8,2011-03
012400000000,ŚLĄSKIE,461682,11.0,2012-03
012400000000,ŚLĄSKIE,461682,12.0,2013-03
012400000000,ŚLĄSKIE,461682,11.4,2014-03
012400000000,ŚLĄSKIE,461682,9.8,2015-03
012400000000,ŚLĄSKIE,461682,8.2,2016-03
012400000000,ŚLĄSKIE,461682,6.5,2017-03
012400000000,ŚLĄSKIE,461682,5.1,2018-03
012400000000,ŚLĄSKIE,461682,4.4,2019-03
012400000000,ŚLĄSKIE,461682,3.9,2020-03
012400000000,ŚLĄSKIE,461682,5.2,2021-03
012400000000,ŚLĄSKIE,461682,4.4,2022-03
012400000000,ŚLĄSKIE,461682,3.9,2023-03
012400000000,ŚLĄSKIE,461682,3.8,2024-03
012400000000,ŚLĄSKIE,461682,3.9,2025-03
020800000000,LUBUSKIE,461682,16.3,2011-03
020800000000,LUBUSKIE,461682,16.4,2012-03
020800000000,LUBUSKIE,461682,16.9,2013-03
020800000000,LUBUSKIE,461682,15.7,2014-03
020800000000,LUBUSKIE,461682,12.5,2015-03
020800000000,LUBUSKIE,461682,10.5,2016-03
020800000000,LUBUSKIE,461682,8.2,2017-03
020800000000,LUBUSKIE,461682,6.5,2018-03
020800000000,LUBUSKIE,461682,5.8,2019-03
020800000000,LUBUSKIE,461682,5.2,2020-03
020800000000,LUBUSKIE,461682,6.3,2021-03
020800000000,LUBUSKIE,461682,5.0,2022-03
020800000000,LUBUSKIE,461682,4.7,2023-03
020800000000,LUBUSKIE,461682,4.6,2024-03
020800000000,LUBUSKIE,461682,4.8,2025-03
023000000000,WIELKOPOLSKIE,461682,9.9,2011-03
023000000000,WIELKOPOLSKIE,461682,9.9,2012-03
023000000000,WIELKOPOLSKIE,461682,10.7,2013-03
023000000000,WIELKOPOLSKIE,461682,9.6,2014-03
023000000000,WIELKOPOLSKIE,461682,7.8,2015-03
023000000000,WIELKOPOLSKIE,461682,6.2,2016-03
023000000000,WIELKOPOLSKIE,461682,4.9,2017-03
023000000000,WIELKOPOLSKIE,461682,3.7,2018-03
023000000000,WIELKOPOLSKIE,461682,3.2,2019-03
023000000000,WIELKOPOLSKIE,461682,3.1,2020-03
023000000000,WIELKOPOLSKIE,461682,3.9,2021-03
023000000000,WIELKOPOLSKIE,461682,3.2,2022-03
023000000000,WIELKOPOLSKIE,461682,3.2,2023-03
023000000000,WIELKOPOLSKIE,461682,3.2,2024-03
023000000000,WIELKOPOLSKIE,461682,3.3,2025-03
023200000000,ZACHODNIOPOMORSKIE,461682,18.9,2011-03
023200000000,ZACHODNIOPOMORSKIE,461682,18.5,2012-03
023200000000,ZACHODNIOPOMORSKIE,461682,19.0,2013-03
023200000000,ZACHODNIOPOMORSKIE,461682,17.9,2014-03
023200000000,ZACHODNIOPOMORSKIE,461682,15.6,2015-03
023200000000,ZACHODNIOPOMORSKIE,461682,13.1,2016-03
023200000000,ZACHODNIOPOMORSKIE,461682,10.7,2017-03
023200000000,ZACHODNIOPOMORSKIE,461682,8.5,2018-03
023200000000,ZACHODNIOPOMORSKIE,461682,7.5,2019-03
023200000000,ZACHODNIOPOMORSKIE,461682,7.2,2020-03
023200000000,ZACHODNIOPOMORSKIE,461682,8.6,2021-03
023200000000,ZACHODNIOPOMORSKIE,461682,7.3,2022-03
023200000000,ZACHODNIOPOMORSKIE,461682,7.0,2023-03
023200000000,ZACHODNIOPOMORSKIE,461682,7.1,2024-03
023200000000,ZACHODNIOPOMORSKIE,461682,7.1,2025-03
030200000000,DOLNOŚLĄSKIE,461682,13.9,2011-03
030200000000,DOLNOŚLĄSKIE,461682,13.4,2012-03
030200000000,DOLNOŚLĄSKIE,461682,14.5,2013-03
030200000000,DOLNOŚLĄSKIE,461682,13.2,2014-03
030200000000,DOLNOŚLĄSKIE,461682,10.6,2015-03
030200000000,DOLNOŚLĄSKIE,461682,8.8,2016-03
030200000000,DOLNOŚLĄSKIE,461682,7.1,2017-03
030200000000,DOLNOŚLĄSKIE,461682,5.8,2018-03
030200000000,DOLNOŚLĄSKIE,461682,5.3,2019-03
030200000000,DOLNOŚLĄSKIE,461682,4.8,2020-03
030200000000,DOLNOŚLĄSKIE,461682,5.8,2021-03
030200000000,DOLNOŚLĄSKIE,461682,4.9,2022-03
030200000000,DOLNOŚLĄSKIE,461682,4.7,2023-03
030200000000,DOLNOŚLĄSKIE,461682,4.8,2024-03
030200000000,DOLNOŚLĄSKIE,461682,4.9,2025-03
031600000000,OPOLSKIE,461682,14.3,2011-03
031600000000,OPOLSKIE,461682,14.2,2012-03
031600000000,OPOLSKIE,461682,15.7,2013-03
031600000000,OPOLSKIE,461682,14.3,2014-03
031600000000,OPOLSKIE,461682,11.9,2015-03
031600000000,OPOLSKIE,461682,10.2,2016-03
031600000000,OPOLSKIE,461682,8.9,2017-03
031600000000,OPOLSKIE,461682,7.1,2018-03
031600000000,OPOLSKIE,461682,6.2,2019-03
031600000000,OPOLSKIE,461682,6.0,2020-03
031600000000,OPOLSKIE,461682,7.0,2021-03
031600000000,OPOLSKIE,461682,6.4,2022-03
031600000000,OPOLSKIE,461682,6.2,2023-03
031600000000,OPOLSKIE,461682,6.0,2024-03
031600000000,OPOLSKIE,461682,6.1,2025-03
040400000000,KUJAWSKO-POMORSKIE,461682,18.0,2011-03
040400000000,KUJAWSKO-POMORSKIE,461682,17.9,2012-03
040400000000,KUJAWSKO-POMORSKIE,461682,19.0,2013-03
040400000000,KUJAWSKO-POMORSKIE,461682,18.3,2014-03
040400000000,KUJAWSKO-POMORSKIE,461682,15.5,2015-03
040400000000,KUJAWSKO-POMORSKIE,461682,13.5,2016-03
040400000000,KUJAWSKO-POMORSKIE,461682,11.9,2017-03
040400000000,KUJAWSKO-POMORSKIE,461682,9.8,2018-03
040400000000,KUJAWSKO-POMORSKIE,461682,8.8,2019-03
040400000000,KUJAWSKO-POMORSKIE,461682,7.9,2020-03
040400000000,KUJAWSKO-POMORSKIE,461682,9.2,2021-03
040400000000,KUJAWSKO-POMORSKIE,461682,8.0,2022-03
040400000000,KUJAWSKO-POMORSKIE,461682,7.5,2023-03
040400000000,KUJAWSKO-POMORSKIE,461682,7.4,2024-03
040400000000,KUJAWSKO-POMORSKIE,461682,7.5,2025-03
042200000000,POMORSKIE,461682,13.4,2011-03
042200000000,POMORSKIE,461682,13.4,2012-03
042200000000,POMORSKIE,461682,14.6,2013-03
042200000000,POMORSKIE,461682,13.3,2014-03
042200000000,POMORSKIE,461682,11.2,2015-03
042200000000,POMORSKIE,461682,9.0,2016-03
042200000000,POMORSKIE,461682,6.8,2017-03
042200000000,POMORSKIE,461682,5.4,2018-03
042200000000,POMORSKIE,461682,5.1,2019-03
042200000000,POMORSKIE,461682,4.8,2020-03
042200000000,POMORSKIE,461682,6.3,2021-03
042200000000,POMORSKIE,461682,5.1,2022-03
042200000000,POMORSKIE,461682,4.9,2023-03
042200000000,POMORSKIE,461682,4.9,2024-03
042200000000,POMORSKIE,461682,4.9,2025-03
042800000000,WARMIŃSKO-MAZURSKIE,461682,21.4,2011-03
042800000000,WARMIŃSKO-MAZURSKIE,461682,21.2,2012-03
042800000000,WARMIŃSKO-MAZURSKIE,461682,22.4,2013-03
042800000000,WARMIŃSKO-MAZURSKIE,461682,21.6,2014-03
042800000000,WARMIŃSKO-MAZURSKIE,461682,18.7,2015-03
042800000000,WARMIŃSKO-MAZURSKIE,461682,16.4,2016-03
042800000000,WARMIŃSKO-MAZURSKIE,461682,14.0,2017-03
042800000000,WARMIŃSKO-MAZURSKIE,461682,11.7,2018-03
042800000000,WARMIŃSKO-MAZURSKIE,461682,10.4,2019-03
042800000000,WARMIŃSKO-MAZURSKIE,461682,9.5,2020-03
042800000000,WARMIŃSKO-MAZURSKIE,461682,10.6,2021-03
042800000000,WARMIŃSKO-MAZURSKIE,461682,9.2,2022-03
042800000000,WARMIŃSKO-MAZURSKIE,461682,9.0,2023-03
042800000000,WARMIŃSKO-MAZURSKIE,461682,8.6,2024-03
042800000000,WARMIŃSKO-MAZURSKIE,461682,8.7,2025-03
011200000000,MAŁOPOLSKIE,461683,10.7,2011-04
011200000000,MAŁOPOLSKIE,461683,11.0,2012-04
011200000000,MAŁOPOLSKIE,461683,12.1,2013-04
011200000000,MAŁOPOLSKIE,461683,11.2,2014-04
011200000000,MAŁOPOLSKIE,461683,9.4,2015-04
011200000000,MAŁOPOLSKIE,461683,8.0,2016-04
011200000000,MAŁOPOLSKIE,461683,6.1,2017-04
011200000000,MAŁOPOLSKIE,461683,5.1,2018-04
011200000000,MAŁOPOLSKIE,461683,4.5,2019-04
011200000000,MAŁOPOLSKIE,461683,4.7,2020-04
011200000000,MAŁOPOLSKIE,461683,5.4,2021-04
011200000000,MAŁOPOLSKIE,461683,4.8,2022-04
011200000000,MAŁOPOLSKIE,461683,4.5,2023-04
011200000000,MAŁOPOLSKIE,461683,4.3,2024-04
011200000000,MAŁOPOLSKIE,461683,4.2,2025-04
012400000000,ŚLĄSKIE,461683,10.5,2011-04
012400000000,ŚLĄSKIE,461683,10.8,2012-04
012400000000,ŚLĄSKIE,461683,11.9,2013-04
012400000000,ŚLĄSKIE,461683,11.0,2014-04
012400000000,ŚLĄSKIE,461683,9.5,2015-04
012400000000,ŚLĄSKIE,461683,7.9,2016-04
012400000000,ŚLĄSKIE,461683,6.1,2017-04
012400000000,ŚLĄSKIE,461683,4.9,2018-04
012400000000,ŚLĄSKIE,461683,4.2,2019-04
012400000000,ŚLĄSKIE,461683,4.2,2020-04
012400000000,ŚLĄSKIE,461683,5.1,2021-04
012400000000,ŚLĄSKIE,461683,4.3,2022-04
012400000000,ŚLĄSKIE,461683,3.8,2023-04
012400000000,ŚLĄSKIE,461683,3.7,2024-04
012400000000,ŚLĄSKIE,461683,3.8,2025-04
020800000000,LUBUSKIE,461683,15.7,2011-04
020800000000,LUBUSKIE,461683,15.8,2012-04
020800000000,LUBUSKIE,461683,16.4,2013-04
020800000000,LUBUSKIE,461683,14.9,2014-04
020800000000,LUBUSKIE,461683,12.1,2015-04
020800000000,LUBUSKIE,461683,9.9,2016-04
020800000000,LUBUSKIE,461683,7.8,2017-04
020800000000,LUBUSKIE,461683,6.2,2018-04
020800000000,LUBUSKIE,461683,5.4,2019-04
020800000000,LUBUSKIE,461683,5.7,2020-04
020800000000,LUBUSKIE,461683,6.1,2021-04
020800000000,LUBUSKIE,461683,4.8,2022-04
020800000000,LUBUSKIE,461683,4.5,2023-04
020800000000,LUBUSKIE,461683,4.5,2024-04
020800000000,LUBUSKIE,461683,4.7,2025-04
023000000000,WIELKOPOLSKIE,461683,9.4,2011-04
023000000000,WIELKOPOLSKIE,461683,9.5,2012-04
023000000000,WIELKOPOLSKIE,461683,10.4,2013-04
023000000000,WIELKOPOLSKIE,461683,9.1,2014-04
023000000000,WIELKOPOLSKIE,461683,7.4,2015-04
023000000000,WIELKOPOLSKIE,461683,5.9,2016-04
023000000000,WIELKOPOLSKIE,461683,4.5,2017-04
023000000000,WIELKOPOLSKIE,461683,3.5,2018-04
023000000000,WIELKOPOLSKIE,461683,3.0,2019-04
023000000000,WIELKOPOLSKIE,461683,3.4,2020-04
023000000000,WIELKOPOLSKIE,461683,3.8,2021-04
023000000000,WIELKOPOLSKIE,461683,3.1,2022-04
023000000000,WIELKOPOLSKIE,461683,3.1,2023-04
023000000000,WIELKOPOLSKIE,461683,3.1,2024-04
023000000000,WIELKOPOLSKIE,461683,3.1,2025-04
023200000000,ZACHODNIOPOMORSKIE,461683,18.2,2011-04
023200000000,ZACHODNIOPOMORSKIE,461683,18.0,2012-04
023200000000,ZACHODNIOPOMORSKIE,461683,18.5,2013-04
023200000000,ZACHODNIOPOMORSKIE,461683,17.1,2014-04
023200000000,ZACHODNIOPOMORSKIE,461683,14.9,2015-04
023200000000,ZACHODNIOPOMORSKIE,461683,12.4,2016-04
023200000000,ZACHODNIOPOMORSKIE,461683,10.0,2017-04
023200000000,ZACHODNIOPOMORSKIE,461683,8.0,2018-04
023200000000,ZACHODNIOPOMORSKIE,461683,7.1,2019-04
023200000000,ZACHODNIOPOMORSKIE,461683,7.7,2020-04
023200000000,ZACHODNIOPOMORSKIE,461683,8.5,2021-04
023200000000,ZACHODNIOPOMORSKIE,461683,7.1,2022-04
023200000000,ZACHODNIOPOMORSKIE,461683,6.8,2023-04
023200000000,ZACHODNIOPOMORSKIE,461683,6.9,2024-04
023200000000,ZACHODNIOPOMORSKIE,461683,6.9,2025-04
030200000000,DOLNOŚLĄSKIE,461683,13.3,2011-04
030200000000,DOLNOŚLĄSKIE,461683,13.0,2012-04
030200000000,DOLNOŚLĄSKIE,461683,14.2,2013-04
030200000000,DOLNOŚLĄSKIE,461683,12.7,2014-04
030200000000,DOLNOŚLĄSKIE,461683,10.2,2015-04
030200000000,DOLNOŚLĄSKIE,461683,8.4,2016-04
030200000000,DOLNOŚLĄSKIE,461683,6.8,2017-04
030200000000,DOLNOŚLĄSKIE,461683,5.6,2018-04
030200000000,DOLNOŚLĄSKIE,461683,5.1,2019-04
030200000000,DOLNOŚLĄSKIE,461683,5.1,2020-04
030200000000,DOLNOŚLĄSKIE,461683,5.7,2021-04
030200000000,DOLNOŚLĄSKIE,461683,4.8,2022-04
030200000000,DOLNOŚLĄSKIE,461683,4.6,2023-04
030200000000,DOLNOŚLĄSKIE,461683,4.7,2024-04
030200000000,DOLNOŚLĄSKIE,461683,4.8,2025-04
031600000000,OPOLSKIE,461683,13.6,2011-04
031600000000,OPOLSKIE,461683,13.8,2012-04
031600000000,OPOLSKIE,461683,15.3,2013-04
031600000000,OPOLSKIE,461683,13.7,2014-04
031600000000,OPOLSKIE,461683,11.5,2015-04
031600000000,OPOLSKIE,461683,9.8,2016-04
031600000000,OPOLSKIE,461683,8.4,2017-04
031600000000,OPOLSKIE,461683,6.7,2018-04
031600000000,OPOLSKIE,461683,5.9,2019-04
031600000000,OPOLSKIE,461683,6.6,2020-04
031600000000,OPOLSKIE,461683,6.8,2021-04
031600000000,OPOLSKIE,461683,6.3,2022-04
031600000000,OPOLSKIE,461683,6.2,2023-04
031600000000,OPOLSKIE,461683,5.8,2024-04
031600000000,OPOLSKIE,461683,5.8,2025-04
040400000000,KUJAWSKO-POMORSKIE,461683,17.4,2011-04
040400000000,KUJAWSKO-POMORSKIE,461683,17.4,2012-04
040400000000,KUJAWSKO-POMORSKIE,461683,18.6,2013-04
040400000000,KUJAWSKO-POMORSKIE,461683,17.4,2014-04
040400000000,KUJAWSKO-POMORSKIE,461683,14.9,2015-04
040400000000,KUJAWSKO-POMORSKIE,461683,13.0,2016-04
040400000000,KUJAWSKO-POMORSKIE,461683,11.3,2017-04
040400000000,KUJAWSKO-POMORSKIE,461683,9.4,2018-04
040400000000,KUJAWSKO-POMORSKIE,461683,8.4,2019-04
040400000000,KUJAWSKO-POMORSKIE,461683,8.3,2020-04
040400000000,KUJAWSKO-POMORSKIE,461683,8.9,2021-04
040400000000,KUJAWSKO-POMORSKIE,461683,7.7,2022-04
040400000000,KUJAWSKO-POMORSKIE,461683,7.3,2023-04
040400000000,KUJAWSKO-POMORSKIE,461683,7.2,2024-04
040400000000,KUJAWSKO-POMORSKIE,461683,7.3,2025-04
042200000000,POMORSKIE,461683,12.8,2011-04
042200000000,POMORSKIE,461683,12.9,2012-04
042200000000,POMORSKIE,461683,14.2,2013-04
042200000000,POMORSKIE,461683,12.7,2014-04
042200000000,POMORSKIE,461683,10.7,2015-04
042200000000,POMORSKIE,461683,8.5,2016-04
042200000000,POMORSKIE,461683,6.4,2017-04
042200000000,POMORSKIE,461683,5.1,2018-04
042200000000,POMORSKIE,461683,4.8,2019-04
042200000000,POMORSKIE,461683,5.2,2020-04
042200000000,POMORSKIE,461683,6.2,2021-04
042200000000,POMORSKIE,461683,4.9,2022-04
042200000000,POMORSKIE,461683,4.7,2023-04
042200000000,POMORSKIE,461683,4.8,2024-04
042200000000,POMORSKIE,461683,4.7,2025-04
042800000000,WARMIŃSKO-MAZURSKIE,461683,20.5,2011-04
042800000000,WARMIŃSKO-MAZURSKIE,461683,20.6,2012-04
042800000000,WARMIŃSKO-MAZURSKIE,461683,21.8,2013-04
042800000000,WARMIŃSKO-MAZURSKIE,461683,20.5,2014-04
042800000000,WARMIŃSKO-MAZURSKIE,461683,17.9,2015-04
042800000000,WARMIŃSKO-MAZURSKIE,461683,15.7,2016-04
042800000000,WARMIŃSKO-MAZURSKIE,461683,13.2,2017-04
042800000000,WARMIŃSKO-MAZURSKIE,461683,11.0,2018-04
042800000000,WARMIŃSKO-MAZURSKIE,461683,9.7,2019-04
042800000000,WARMIŃSKO-MAZURSKIE,461683,10.1,2020-04
042800000000,WARMIŃSKO-MAZURSKIE,461683,10.2,2021-04
042800000000,WARMIŃSKO-MAZURSKIE,461683,8.8,2022-04
042800000000,WARMIŃSKO-MAZURSKIE,461683,8.7,2023-04
042800000000,WARMIŃSKO-MAZURSKIE,461683,8.2,2024-04
042800000000,WARMIŃSKO-MAZURSKIE,461683,8.2,2025-04
011200000000,MAŁOPOLSKIE,461684,10.3,2011-05
011200000000,MAŁOPOLSKIE,461684,10.7,2012-05
011200000000,MAŁOPOLSKIE,461684,11.7,2013-05
011200000000,MAŁOPOLSKIE,461684,10.7,2014-05
011200000000,MAŁOPOLSKIE,461684,9.0,2015-05
011200000000,MAŁOPOLSKIE,461684,7.6,2016-05
011200000000,MAŁOPOLSKIE,461684,5.9,2017-05
011200000000,MAŁOPOLSKIE,461684,4.9,2018-05
011200000000,MAŁOPOLSKIE,461684,4.3,2019-05
011200000000,MAŁOPOLSKIE,461684,5.0,2020-05
011200000000,MAŁOPOLSKIE,461684,5.2,2021-05
011200000000,MAŁOPOLSKIE,461684,4.7,2022-05
011200000000,MAŁOPOLSKIE,461684,4.3,2023-05
011200000000,MAŁOPOLSKIE,461684,4.2,2024-05
011200000000,MAŁOPOLSKIE,461684,4.1,2025-05
012400000000,ŚLĄSKIE,461684,10.1,2011-05
012400000000,ŚLĄSKIE,461684,10.5,2012-05
012400000000,ŚLĄSKIE,461684,11.5,2013-05
012400000000,ŚLĄSKIE,461684,10.7,2014-05
012400000000,ŚLĄSKIE,461684,9.2,2015-05
012400000000,ŚLĄSKIE,461684,7.6,2016-05
012400000000,ŚLĄSKIE,461684,5.9,2017-05
012400000000,ŚLĄSKIE,461684,4.7,2018-05
012400000000,ŚLĄSKIE,461684,4.0,2019-05
012400000000,ŚLĄSKIE,461684,4.5,2020-05
012400000000,ŚLĄSKIE,461684,5.0,2021-05
012400000000,ŚLĄSKIE,461684,4.1,2022-05
012400000000,ŚLĄSKIE,461684,3.7,2023-05
012400000000,ŚLĄSKIE,461684,3.6,2024-05
012400000000,ŚLĄSKIE,461684,3.7,2025-05
020800000000,LUBUSKIE,461684,15.2,2011-05
020800000000,LUBUSKIE,461684,15.3,2012-05
020800000000,LUBUSKIE,461684,15.8,2013-05
020800000000,LUBUSKIE,461684,14.2,2014-05
020800000000,LUBUSKIE,461684,11.5,2015-05
020800000000,LUBUSKIE,461684,9.4,2016-05
020800000000,LUBUSKIE,461684,7.5,2017-05
020800000000,LUBUSKIE,461684,6.0,2018-05
020800000000,LUBUSKIE,461684,5.3,2019-05
020800000000,LUBUSKIE,461684,6.1,2020-05
020800000000,LUBUSKIE,461684,5.9,2021-05
020800000000,LUBUSKIE,461684,4.6,2022-05
020800000000,LUBUSKIE,461684,4.3,2023-05
020800000000,LUBUSKIE,461684,4.4,2024-05
020800000000,LUBUSKIE,461684,4.6,2025-05
023000000000,WIELKOPOLSKIE,461684,9.1,2011-05
023000000000,WIELKOPOLSKIE,461684,9.3,2012-05
023000000000,WIELKOPOLSKIE,461684,10.0,2013-05
023000000000,WIELKOPOLSKIE,461684,8.7,2014-05
023000000000,WIELKOPOLSKIE,461684,7.1,2015-05
023000000000,WIELKOPOLSKIE,461684,5.6,2016-05
023000000000,WIELKOPOLSKIE,461684,4.3,2017-05
023000000000,WIELKOPOLSKIE,461684,3.4,2018-05
023000000000,WIELKOPOLSKIE,461684,2.9,2019-05
023000000000,WIELKOPOLSKIE,461684,3.6,2020-05
023000000000,WIELKOPOLSKIE,461684,3.7,2021-05
023000000000,WIELKOPOLSKIE,461684,2.9,2022-05
023000000000,WIELKOPOLSKIE,461684,3.0,2023-05
023000000000,WIELKOPOLSKIE,461684,3.0,2024-05
023000000000,WIELKOPOLSKIE,461684,3.0,2025-05
023200000000,ZACHODNIOPOMORSKIE,461684,17.5,2011-05
023200000000,ZACHODNIOPOMORSKIE,461684,17.4,2012-05
023200000000,ZACHODNIOPOMORSKIE,461684,17.8,2013-05
023200000000,ZACHODNIOPOMORSKIE,461684,16.4,2014-05
023200000000,ZACHODNIOPOMORSKIE,461684,14.2,2015-05
023200000000,ZACHODNIOPOMORSKIE,461684,11.8,2016-05
023200000000,ZACHODNIOPOMORSKIE,461684,9.7,2017-05
023200000000,ZACHODNIOPOMORSKIE,461684,7.6,2018-05
023200000000,ZACHODNIOPOMORSKIE,461684,6.9,2019-05
023200000000,ZACHODNIOPOMORSKIE,461684,8.0,2020-05
023200000000,ZACHODNIOPOMORSKIE,461684,8.2,2021-05
023200000000,ZACHODNIOPOMORSKIE,461684,6.9,2022-05
023200000000,ZACHODNIOPOMORSKIE,461684,6.6,2023-05
023200000000,ZACHODNIOPOMORSKIE,461684,6.7,2024-05
023200000000,ZACHODNIOPOMORSKIE,461684,6.7,2025-05
030200000000,DOLNOŚLĄSKIE,461684,12.7,2011-05
030200000000,DOLNOŚLĄSKIE,461684,12.7,2012-05
030200000000,DOLNOŚLĄSKIE,461684,13.6,2013-05
030200000000,DOLNOŚLĄSKIE,461684,12.1,2014-05
030200000000,DOLNOŚLĄSKIE,461684,9.7,2015-05
030200000000,DOLNOŚLĄSKIE,461684,8.0,2016-05
030200000000,DOLNOŚLĄSKIE,461684,6.5,2017-05
030200000000,DOLNOŚLĄSKIE,461684,5.4,2018-05
030200000000,DOLNOŚLĄSKIE,461684,4.9,2019-05
030200000000,DOLNOŚLĄSKIE,461684,5.5,2020-05
030200000000,DOLNOŚLĄSKIE,461684,5.6,2021-05
030200000000,DOLNOŚLĄSKIE,461684,4.7,2022-05
030200000000,DOLNOŚLĄSKIE,461684,4.5,2023-05
030200000000,DOLNOŚLĄSKIE,461684,4.6,2024-05
030200000000,DOLNOŚLĄSKIE,461684,4.7,2025-05
031600000000,OPOLSKIE,461684,13.0,2011-05
031600000000,OPOLSKIE,461684,13.5,2012-05
031600000000,OPOLSKIE,461684,14.6,2013-05
031600000000,OPOLSKIE,461684,13.2,2014-05
031600000000,OPOLSKIE,461684,11.0,2015-05
031600000000,OPOLSKIE,461684,9.4,2016-05
031600000000,OPOLSKIE,461684,8.1,2017-05
031600000000,OPOLSKIE,461684,6.4,2018-05
031600000000,OPOLSKIE,461684,5.7,2019-05
031600000000,OPOLSKIE,461684,6.9,2020-05
031600000000,OPOLSKIE,461684,6.6,2021-05
031600000000,OPOLSKIE,461684,6.1,2022-05
031600000000,OPOLSKIE,461684,6.0,2023-05
031600000000,OPOLSKIE,461684,5.7,2024-05
031600000000,OPOLSKIE,461684,5.7,2025-05
040400000000,KUJAWSKO-POMORSKIE,461684,16.9,2011-05
040400000000,KUJAWSKO-POMORSKIE,461684,17.1,2012-05
040400000000,KUJAWSKO-POMORSKIE,461684,18.2,2013-05
040400000000,KUJAWSKO-POMORSKIE,461684,16.8,2014-05
040400000000,KUJAWSKO-POMORSKIE,461684,14.2,2015-05
040400000000,KUJAWSKO-POMORSKIE,461684,12.6,2016-05
040400000000,KUJAWSKO-POMORSKIE,461684,10.9,2017-05
040400000000,KUJAWSKO-POMORSKIE,461684,9.1,2018-05
040400000000,KUJAWSKO-POMORSKIE,461684,8.1,2019-05
040400000000,KUJAWSKO-POMORSKIE,461684,8.7,2020-05
040400000000,KUJAWSKO-POMORSKIE,461684,8.7,2021-05
040400000000,KUJAWSKO-POMORSKIE,461684,7.5,2022-05
040400000000,KUJAWSKO-POMORSKIE,461684,7.1,2023-05
040400000000,KUJAWSKO-POMORSKIE,461684,7.1,2024-05
040400000000,KUJAWSKO-POMORSKIE,461684,7.1,2025-05
042200000000,POMORSKIE,461684,12.3,2011-05
042200000000,POMORSKIE,461684,12.6,2012-05
042200000000,POMORSKIE,461684,13.7,2013-05
042200000000,POMORSKIE,461684,12.2,2014-05
042200000000,POMORSKIE,461684,10.1,2015-05
042200000000,POMORSKIE,461684,8.1,2016-05
042200000000,POMORSKIE,461684,6.1,2017-05
042200000000,POMORSKIE,461684,5.0,2018-05
042200000000,POMORSKIE,461684,4.6,2019-05
042200000000,POMORSKIE,461684,5.5,2020-05
042200000000,POMORSKIE,461684,6.0,2021-05
042200000000,POMORSKIE,461684,4.7,2022-05
042200000000,POMORSKIE,461684,4.6,2023-05
042200000000,POMORSKIE,461684,4.7,2024-05
042200000000,POMORSKIE,461684,4.6,2025-05
042800000000,WARMIŃSKO-MAZURSKIE,461684,19.5,2011-05
042800000000,WARMIŃSKO-MAZURSKIE,461684,19.9,2012-05
042800000000,WARMIŃSKO-MAZURSKIE,461684,21.0,2013-05
042800000000,WARMIŃSKO-MAZURSKIE,461684,19.6,2014-05
042800000000,WARMIŃSKO-MAZURSKIE,461684,17.2,2015-05
042800000000,WARMIŃSKO-MAZURSKIE,461684,14.9,2016-05
042800000000,WARMIŃSKO-MAZURSKIE,461684,12.6,2017-05
042800000000,WARMIŃSKO-MAZURSKIE,461684,10.5,2018-05
042800000000,WARMIŃSKO-MAZURSKIE,461684,9.2,2019-05
042800000000,WARMIŃSKO-MAZURSKIE,461684,10.5,2020-05
042800000000,WARMIŃSKO-MAZURSKIE,461684,9.8,2021-05
042800000000,WARMIŃSKO-MAZURSKIE,461684,8.4,2022-05
042800000000,WARMIŃSKO-MAZURSKIE,461684,8.4,2023-05
042800000000,WARMIŃSKO-MAZURSKIE,461684,7.9,2024-05
042800000000,WARMIŃSKO-MAZURSKIE,461684,8.0,2025-05
011200000000,MAŁOPOLSKIE,461685,9.9,2011-06
011200000000,MAŁOPOLSKIE,461685,10.5,2012-06
011200000000,MAŁOPOLSKIE,461685,11.4,2013-06
011200000000,MAŁOPOLSKIE,461685,10.3,2014-06
011200000000,MAŁOPOLSKIE,461685,8.6,2015-06
011200000000,MAŁOPOLSKIE,461685,7.2,2016-06
011200000000,MAŁOPOLSKIE,461685,5.6,2017-06
011200000000,MAŁOPOLSKIE,461685,4.7,2018-06
011200000000,MAŁOPOLSKIE,461685,4.2,2019-06
011200000000,MAŁOPOLSKIE,461685,5.1,2020-06
011200000000,MAŁOPOLSKIE,461685,5.0,2021-06
011200000000,MAŁOPOLSKIE,461685,4.5,2022-06
011200000000,MAŁOPOLSKIE,461685,4.2,2023-06
011200000000,MAŁOPOLSKIE,461685,4.1,2024-06
011200000000,MAŁOPOLSKIE,461685,4.2,2025-06
012400000000,ŚLĄSKIE,461685,9.7,2011-06
012400000000,ŚLĄSKIE,461685,10.2,2012-06
012400000000,ŚLĄSKIE,461685,11.2,2013-06
012400000000,ŚLĄSKIE,461685,10.3,2014-06
012400000000,ŚLĄSKIE,461685,8.8,2015-06
012400000000,ŚLĄSKIE,461685,7.2,2016-06
012400000000,ŚLĄSKIE,461685,5.7,2017-06
012400000000,ŚLĄSKIE,461685,4.5,2018-06
012400000000,ŚLĄSKIE,461685,3.9,2019-06
012400000000,ŚLĄSKIE,461685,4.7,2020-06
012400000000,ŚLĄSKIE,461685,4.8,2021-06
012400000000,ŚLĄSKIE,461685,4.0,2022-06
012400000000,ŚLĄSKIE,461685,3.7,2023-06
012400000000,ŚLĄSKIE,461685,3.6,2024-06
012400000000,ŚLĄSKIE,461685,3.8,2025-06
020800000000,LUBUSKIE,461685,14.6,2011-06
020800000000,LUBUSKIE,461685,15.1,2012-06
020800000000,LUBUSKIE,461685,15.4,2013-06
020800000000,LUBUSKIE,461685,13.6,2014-06
020800000000,LUBUSKIE,461685,11.1,2015-06
020800000000,LUBUSKIE,461685,9.0,2016-06
020800000000,LUBUSKIE,461685,7.1,2017-06
020800000000,LUBUSKIE,461685,5.8,2018-06
020800000000,LUBUSKIE,461685,5.1,2019-06
020800000000,LUBUSKIE,461685,6.1,2020-06
020800000000,LUBUSKIE,461685,5.8,2021-06
020800000000,LUBUSKIE,461685,4.4,2022-06
020800000000,LUBUSKIE,461685,4.2,2023-06
020800000000,LUBUSKIE,461685,4.3,2024-06
020800000000,LUBUSKIE,461685,4.8,2025-06
023000000000,WIELKOPOLSKIE,461685,8.7,2011-06
023000000000,WIELKOPOLSKIE,461685,9.0,2012-06
023000000000,WIELKOPOLSKIE,461685,9.6,2013-06
023000000000,WIELKOPOLSKIE,461685,8.3,2014-06
023000000000,WIELKOPOLSKIE,461685,6.7,2015-06
023000000000,WIELKOPOLSKIE,461685,5.3,2016-06
023000000000,WIELKOPOLSKIE,461685,4.1,2017-06
023000000000,WIELKOPOLSKIE,461685,3.2,2018-06
023000000000,WIELKOPOLSKIE,461685,2.8,2019-06
023000000000,WIELKOPOLSKIE,461685,3.7,2020-06
023000000000,WIELKOPOLSKIE,461685,3.5,2021-06
023000000000,WIELKOPOLSKIE,461685,2.8,2022-06
023000000000,WIELKOPOLSKIE,461685,3.0,2023-06
023000000000,WIELKOPOLSKIE,461685,2.9,2024-06
023000000000,WIELKOPOLSKIE,461685,3.1,2025-06
023200000000,ZACHODNIOPOMORSKIE,461685,16.7,2011-06
023200000000,ZACHODNIOPOMORSKIE,461685,16.7,2012-06
023200000000,ZACHODNIOPOMORSKIE,461685,17.2,2013-06
023200000000,ZACHODNIOPOMORSKIE,461685,15.7,2014-06
023200000000,ZACHODNIOPOMORSKIE,461685,13.6,2015-06
023200000000,ZACHODNIOPOMORSKIE,461685,11.1,2016-06
023200000000,ZACHODNIOPOMORSKIE,461685,9.3,2017-06
023200000000,ZACHODNIOPOMORSKIE,461685,7.3,2018-06
023200000000,ZACHODNIOPOMORSKIE,461685,6.6,2019-06
023200000000,ZACHODNIOPOMORSKIE,461685,8.0,2020-06
023200000000,ZACHODNIOPOMORSKIE,461685,7.9,2021-06
023200000000,ZACHODNIOPOMORSKIE,461685,6.6,2022-06
023200000000,ZACHODNIOPOMORSKIE,461685,6.5,2023-06
023200000000,ZACHODNIOPOMORSKIE,461685,6.5,2024-06
023200000000,ZACHODNIOPOMORSKIE,461685,6.8,2025-06
030200000000,DOLNOŚLĄSKIE,461685,12.1,2011-06
030200000000,DOLNOŚLĄSKIE,461685,12.4,2012-06
030200000000,DOLNOŚLĄSKIE,461685,13.2,2013-06
030200000000,DOLNOŚLĄSKIE,461685,11.6,2014-06
030200000000,DOLNOŚLĄSKIE,461685,9.2,2015-06
030200000000,DOLNOŚLĄSKIE,461685,7.7,2016-06
030200000000,DOLNOŚLĄSKIE,461685,6.3,2017-06
030200000000,DOLNOŚLĄSKIE,461685,5.2,2018-06
030200000000,DOLNOŚLĄSKIE,461685,4.7,2019-06
030200000000,DOLNOŚLĄSKIE,461685,5.6,2020-06
030200000000,DOLNOŚLĄSKIE,461685,5.4,2021-06
030200000000,DOLNOŚLĄSKIE,461685,4.5,2022-06
030200000000,DOLNOŚLĄSKIE,461685,4.4,2023-06
030200000000,DOLNOŚLĄSKIE,461685,4.5,2024-06
030200000000,DOLNOŚLĄSKIE,461685,4.8,2025-06
031600000000,OPOLSKIE,461685,12.5,2011-06
031600000000,OPOLSKIE,461685,13.2,2012-06
031600000000,OPOLSKIE,461685,14.0,2013-06
031600000000,OPOLSKIE,461685,12.7,2014-06
031600000000,OPOLSKIE,461685,10.5,2015-06
031600000000,OPOLSKIE,461685,9.2,2016-06
031600000000,OPOLSKIE,461685,7.7,2017-06
031600000000,OPOLSKIE,461685,6.2,2018-06
031600000000,OPOLSKIE,461685,5.6,2019-06
031600000000,OPOLSKIE,461685,6.9,2020-06
031600000000,OPOLSKIE,461685,6.5,2021-06
031600000000,OPOLSKIE,461685,6.0,2022-06
031600000000,OPOLSKIE,461685,6.1,2023-06
031600000000,OPOLSKIE,461685,5.6,2024-06
031600000000,OPOLSKIE,461685,5.8,2025-06
040400000000,KUJAWSKO-POMORSKIE,461685,16.3,2011-06
040400000000,KUJAWSKO-POMORSKIE,461685,16.7,2012-06
040400000000,KUJAWSKO-POMORSKIE,461685,17.7,2013-06
040400000000,KUJAWSKO-POMORSKIE,461685,16.3,2014-06
040400000000,KUJAWSKO-POMORSKIE,461685,13.6,2015-06
040400000000,KUJAWSKO-POMORSKIE,461685,12.2,2016-06
040400000000,KUJAWSKO-POMORSKIE,461685,10.5,2017-06
040400000000,KUJAWSKO-POMORSKIE,461685,8.8,2018-06
040400000000,KUJAWSKO-POMORSKIE,461685,7.9,2019-06
040400000000,KUJAWSKO-POMORSKIE,461685,8.8,2020-06
040400000000,KUJAWSKO-POMORSKIE,461685,8.4,2021-06
040400000000,KUJAWSKO-POMORSKIE,461685,7.3,2022-06
040400000000,KUJAWSKO-POMORSKIE,461685,7.1,2023-06
040400000000,KUJAWSKO-POMORSKIE,461685,7.0,2024-06
040400000000,KUJAWSKO-POMORSKIE,461685,7.2,2025-06
042200000000,POMORSKIE,461685,11.7,2011-06
042200000000,POMORSKIE,461685,12.3,2012-06
042200000000,POMORSKIE,461685,13.2,2013-06
042200000000,POMORSKIE,461685,11.7,2014-06
042200000000,POMORSKIE,461685,9.6,2015-06
042200000000,POMORSKIE,461685,7.6,2016-06
042200000000,POMORSKIE,461685,5.8,2017-06
042200000000,POMORSKIE,461685,4.8,2018-06
042200000000,POMORSKIE,461685,4.4,2019-06
042200000000,POMORSKIE,461685,5.5,2020-06
042200000000,POMORSKIE,461685,5.8,2021-06
042200000000,POMORSKIE,461685,4.5,2022-06
042200000000,POMORSKIE,461685,4.5,2023-06
042200000000,POMORSKIE,461685,4.5,2024-06
042200000000,POMORSKIE,461685,4.7,2025-06
042800000000,WARMIŃSKO-MAZURSKIE,461685,18.6,2011-06
042800000000,WARMIŃSKO-MAZURSKIE,461685,19.4,2012-06
042800000000,WARMIŃSKO-MAZURSKIE,461685,20.4,2013-06
042800000000,WARMIŃSKO-MAZURSKIE,461685,19.0,2014-06
042800000000,WARMIŃSKO-MAZURSKIE,461685,16.5,2015-06
042800000000,WARMIŃSKO-MAZURSKIE,461685,14.2,2016-06
042800000000,WARMIŃSKO-MAZURSKIE,461685,12.0,2017-06
042800000000,WARMIŃSKO-MAZURSKIE,461685,10.0,2018-06
042800000000,WARMIŃSKO-MAZURSKIE,461685,8.9,2019-06
042800000000,WARMIŃSKO-MAZURSKIE,461685,10.4,2020-06
042800000000,WARMIŃSKO-MAZURSKIE,461685,9.3,2021-06
042800000000,WARMIŃSKO-MAZURSKIE,461685,8.1,2022-06
042800000000,WARMIŃSKO-MAZURSKIE,461685,8.2,2023-06
042800000000,WARMIŃSKO-MAZURSKIE,461685,7.7,2024-06
042800000000,WARMIŃSKO-MAZURSKIE,461685,8.1,2025-06
011200000000,MAŁOPOLSKIE,461686,9.8,2011-07
011200000000,MAŁOPOLSKIE,461686,10.5,2012-07
011200000000,MAŁOPOLSKIE,461686,11.3,2013-07
011200000000,MAŁOPOLSKIE,461686,10.1,2014-07
011200000000,MAŁOPOLSKIE,461686,8.4,2015-07
011200000000,MAŁOPOLSKIE,461686,7.0,2016-07
011200000000,MAŁOPOLSKIE,461686,5.6,2017-07
011200000000,MAŁOPOLSKIE,461686,4.7,2018-07
011200000000,MAŁOPOLSKIE,461686,4.2,2019-07
011200000000,MAŁOPOLSKIE,461686,5.1,2020-07
011200000000,MAŁOPOLSKIE,461686,4.9,2021-07
011200000000,MAŁOPOLSKIE,461686,4.5,2022-07
011200000000,MAŁOPOLSKIE,461686,4.2,2023-07
011200000000,MAŁOPOLSKIE,461686,4.1,2024-07
011200000000,MAŁOPOLSKIE,461686,4.4,2025-07
012400000000,ŚLĄSKIE,461686,9.6,2011-07
012400000000,ŚLĄSKIE,461686,10.2,2012-07
012400000000,ŚLĄSKIE,461686,11.1,2013-07
012400000000,ŚLĄSKIE,461686,10.1,2014-07
012400000000,ŚLĄSKIE,461686,8.5,2015-07
012400000000,ŚLĄSKIE,461686,6.9,2016-07
012400000000,ŚLĄSKIE,461686,5.6,2017-07
012400000000,ŚLĄSKIE,461686,4.5,2018-07
012400000000,ŚLĄSKIE,461686,3.8,2019-07
012400000000,ŚLĄSKIE,461686,4.7,2020-07
012400000000,ŚLĄSKIE,461686,4.8,2021-07
012400000000,ŚLĄSKIE,461686,3.9,2022-07
012400000000,ŚLĄSKIE,461686,3.7,2023-07
012400000000,ŚLĄSKIE,461686,3.6,2024-07
012400000000,ŚLĄSKIE,461686,4.0,2025-07
020800000000,LUBUSKIE,461686,14.5,2011-07
020800000000,LUBUSKIE,461686,15.0,2012-07
020800000000,LUBUSKIE,461686,15.3,2013-07
020800000000,LUBUSKIE,461686,13.3,2014-07
020800000000,LUBUSKIE,461686,10.8,2015-07
020800000000,LUBUSKIE,461686,8.8,2016-07
020800000000,LUBUSKIE,461686,7.0,2017-07
020800000000,LUBUSKIE,461686,5.8,2018-07
020800000000,LUBUSKIE,461686,5.0,2019-07
020800000000,LUBUSKIE,461686,6.1,2020-07
020800000000,LUBUSKIE,461686,5.6,2021-07
020800000000,LUBUSKIE,461686,4.3,2022-07
020800000000,LUBUSKIE,461686,4.2,2023-07
020800000000,LUBUSKIE,461686,4.3,2024-07
020800000000,LUBUSKIE,461686,5.1,2025-07
023000000000,WIELKOPOLSKIE,461686,8.6,2011-07
023000000000,WIELKOPOLSKIE,461686,9.0,2012-07
023000000000,WIELKOPOLSKIE,461686,9.5,2013-07
023000000000,WIELKOPOLSKIE,461686,8.2,2014-07
023000000000,WIELKOPOLSKIE,461686,6.5,2015-07
023000000000,WIELKOPOLSKIE,461686,5.2,2016-07
023000000000,WIELKOPOLSKIE,461686,4.1,2017-07
023000000000,WIELKOPOLSKIE,461686,3.2,2018-07
023000000000,WIELKOPOLSKIE,461686,2.8,2019-07
023000000000,WIELKOPOLSKIE,461686,3.7,2020-07
023000000000,WIELKOPOLSKIE,461686,3.5,2021-07
023000000000,WIELKOPOLSKIE,461686,2.8,2022-07
023000000000,WIELKOPOLSKIE,461686,3.0,2023-07
023000000000,WIELKOPOLSKIE,461686,2.9,2024-07
023000000000,WIELKOPOLSKIE,461686,3.3,2025-07
023200000000,ZACHODNIOPOMORSKIE,461686,16.5,2011-07
023200000000,ZACHODNIOPOMORSKIE,461686,16.5,2012-07
023200000000,ZACHODNIOPOMORSKIE,461686,16.9,2013-07
023200000000,ZACHODNIOPOMORSKIE,461686,15.3,2014-07
023200000000,ZACHODNIOPOMORSKIE,461686,13.1,2015-07
023200000000,ZACHODNIOPOMORSKIE,461686,10.8,2016-07
023200000000,ZACHODNIOPOMORSKIE,461686,9.0,2017-07
023200000000,ZACHODNIOPOMORSKIE,461686,7.1,2018-07
023200000000,ZACHODNIOPOMORSKIE,461686,6.5,2019-07
023200000000,ZACHODNIOPOMORSKIE,461686,7.9,2020-07
023200000000,ZACHODNIOPOMORSKIE,461686,7.7,2021-07
023200000000,ZACHODNIOPOMORSKIE,461686,6.5,2022-07
023200000000,ZACHODNIOPOMORSKIE,461686,6.4,2023-07
023200000000,ZACHODNIOPOMORSKIE,461686,6.5,2024-07
023200000000,ZACHODNIOPOMORSKIE,461686,7.0,2025-07
030200000000,DOLNOŚLĄSKIE,461686,12.0,2011-07
030200000000,DOLNOŚLĄSKIE,461686,12.3,2012-07
030200000000,DOLNOŚLĄSKIE,461686,13.0,2013-07
030200000000,DOLNOŚLĄSKIE,461686,11.4,2014-07
030200000000,DOLNOŚLĄSKIE,461686,9.0,2015-07
030200000000,DOLNOŚLĄSKIE,461686,7.5,2016-07
030200000000,DOLNOŚLĄSKIE,461686,6.2,2017-07
030200000000,DOLNOŚLĄSKIE,461686,5.1,2018-07
030200000000,DOLNOŚLĄSKIE,461686,4.7,2019-07
030200000000,DOLNOŚLĄSKIE,461686,5.7,2020-07
030200000000,DOLNOŚLĄSKIE,461686,5.3,2021-07
030200000000,DOLNOŚLĄSKIE,461686,4.5,2022-07
030200000000,DOLNOŚLĄSKIE,461686,4.4,2023-07
030200000000,DOLNOŚLĄSKIE,461686,4.6,2024-07
030200000000,DOLNOŚLĄSKIE,461686,5.0,2025-07
031600000000,OPOLSKIE,461686,12.5,2011-07
031600000000,OPOLSKIE,461686,13.1,2012-07
031600000000,OPOLSKIE,461686,13.8,2013-07
031600000000,OPOLSKIE,461686,12.4,2014-07
031600000000,OPOLSKIE,461686,10.1,2015-07
031600000000,OPOLSKIE,461686,9.0,2016-07
031600000000,OPOLSKIE,461686,7.6,2017-07
031600000000,OPOLSKIE,461686,6.2,2018-07
031600000000,OPOLSKIE,461686,5.6,2019-07
031600000000,OPOLSKIE,461686,6.9,2020-07
031600000000,OPOLSKIE,461686,6.4,2021-07
031600000000,OPOLSKIE,461686,5.9,2022-07
031600000000,OPOLSKIE,461686,6.0,2023-07
031600000000,OPOLSKIE,461686,5.7,2024-07
031600000000,OPOLSKIE,461686,6.0,2025-07
040400000000,KUJAWSKO-POMORSKIE,461686,16.0,2011-07
040400000000,KUJAWSKO-POMORSKIE,461686,16.6,2012-07
040400000000,KUJAWSKO-POMORSKIE,461686,17.5,2013-07
040400000000,KUJAWSKO-POMORSKIE,461686,16.0,2014-07
040400000000,KUJAWSKO-POMORSKIE,461686,13.4,2015-07
040400000000,KUJAWSKO-POMORSKIE,461686,11.9,2016-07
040400000000,KUJAWSKO-POMORSKIE,461686,10.4,2017-07
040400000000,KUJAWSKO-POMORSKIE,461686,8.7,2018-07
040400000000,KUJAWSKO-POMORSKIE,461686,7.8,2019-07
040400000000,KUJAWSKO-POMORSKIE,461686,8.7,2020-07
040400000000,KUJAWSKO-POMORSKIE,461686,8.2,2021-07
040400000000,KUJAWSKO-POMORSKIE,461686,7.2,2022-07
040400000000,KUJAWSKO-POMORSKIE,461686,7.0,2023-07
040400000000,KUJAWSKO-POMORSKIE,461686,6.9,2024-07
040400000000,KUJAWSKO-POMORSKIE,461686,7.5,2025-07
042200000000,POMORSKIE,461686,11.5,2011-07
042200000000,POMORSKIE,461686,12.1,2012-07
042200000000,POMORSKIE,461686,13.0,2013-07
042200000000,POMORSKIE,461686,11.4,2014-07
042200000000,POMORSKIE,461686,9.2,2015-07
042200000000,POMORSKIE,461686,7.4,2016-07
042200000000,POMORSKIE,461686,5.7,2017-07
042200000000,POMORSKIE,461686,4.7,2018-07
042200000000,POMORSKIE,461686,4.4,2019-07
042200000000,POMORSKIE,461686,5.5,2020-07
042200000000,POMORSKIE,461686,5.7,2021-07
042200000000,POMORSKIE,461686,4.4,2022-07
042200000000,POMORSKIE,461686,4.4,2023-07
042200000000,POMORSKIE,461686,4.4,2024-07
042200000000,POMORSKIE,461686,4.9,2025-07
042800000000,WARMIŃSKO-MAZURSKIE,461686,18.5,2011-07
042800000000,WARMIŃSKO-MAZURSKIE,461686,19.3,2012-07
042800000000,WARMIŃSKO-MAZURSKIE,461686,20.4,2013-07
042800000000,WARMIŃSKO-MAZURSKIE,461686,18.6,2014-07
042800000000,WARMIŃSKO-MAZURSKIE,461686,16.2,2015-07
042800000000,WARMIŃSKO-MAZURSKIE,461686,13.9,2016-07
042800000000,WARMIŃSKO-MAZURSKIE,461686,11.9,2017-07
042800000000,WARMIŃSKO-MAZURSKIE,461686,9.9,2018-07
042800000000,WARMIŃSKO-MAZURSKIE,461686,8.8,2019-07
042800000000,WARMIŃSKO-MAZURSKIE,461686,10.2,2020-07
042800000000,WARMIŃSKO-MAZURSKIE,461686,9.0,2021-07
042800000000,WARMIŃSKO-MAZURSKIE,461686,8.0,2022-07
042800000000,WARMIŃSKO-MAZURSKIE,461686,8.0,2023-07
042800000000,WARMIŃSKO-MAZURSKIE,461686,7.7,2024-07
042800000000,WARMIŃSKO-MAZURSKIE,461686,8.3,2025-07
011200000000,MAŁOPOLSKIE,461687,9.8,2011-08
011200000000,MAŁOPOLSKIE,461687,10.5,2012-08
011200000000,MAŁOPOLSKIE,461687,11.2,2013-08
011200000000,MAŁOPOLSKIE,461687,10.0,2014-08
011200000000,MAŁOPOLSKIE,461687,8.3,2015-08
011200000000,MAŁOPOLSKIE,461687,6.8,2016-08
011200000000,MAŁOPOLSKIE,461687,5.6,2017-08
011200000000,MAŁOPOLSKIE,461687,4.7,2018-08
011200000000,MAŁOPOLSKIE,461687,4.1,2019-08
011200000000,MAŁOPOLSKIE,461687,5.2,2020-08
011200000000,MAŁOPOLSKIE,461687,4.9,2021-08
011200000000,MAŁOPOLSKIE,461687,4.5,2022-08
011200000000,MAŁOPOLSKIE,461687,4.2,2023-08
011200000000,MAŁOPOLSKIE,461687,4.1,2024-08
011200000000,MAŁOPOLSKIE,461687,4.6,2025-08
012400000000,ŚLĄSKIE,461687,9.6,2011-08
012400000000,ŚLĄSKIE,461687,10.2,2012-08
012400000000,ŚLĄSKIE,461687,11.1,2013-08
012400000000,ŚLĄSKIE,461687,9.9,2014-08
012400000000,ŚLĄSKIE,461687,8.4,2015-08
012400000000,ŚLĄSKIE,461687,6.8,2016-08
012400000000,ŚLĄSKIE,461687,5.6,2017-08
012400000000,ŚLĄSKIE,461687,4.4,2018-08
012400000000,ŚLĄSKIE,461687,3.7,2019-08
012400000000,ŚLĄSKIE,461687,4.8,2020-08
012400000000,ŚLĄSKIE,461687,4.7,2021-08
012400000000,ŚLĄSKIE,461687,3.8,2022-08
012400000000,ŚLĄSKIE,461687,3.7,2023-08
012400000000,ŚLĄSKIE,461687,3.6,2024-08
012400000000,ŚLĄSKIE,461687,4.2,2025-08
020800000000,LUBUSKIE,461687,14.4,2011-08
020800000000,LUBUSKIE,461687,15.0,2012-08
020800000000,LUBUSKIE,461687,15.4,2013-08
020800000000,LUBUSKIE,461687,13.1,2014-08
020800000000,LUBUSKIE,461687,10.6,2015-08
020800000000,LUBUSKIE,461687,8.7,2016-08
020800000000,LUBUSKIE,461687,7.0,2017-08
020800000000,LUBUSKIE,461687,5.8,2018-08
020800000000,LUBUSKIE,461687,4.9,2019-08
020800000000,LUBUSKIE,461687,6.1,2020-08
020800000000,LUBUSKIE,461687,5.5,2021-08
020800000000,LUBUSKIE,461687,4.3,2022-08
020800000000,LUBUSKIE,461687,4.3,2023-08
020800000000,LUBUSKIE,461687,4.4,2024-08
020800000000,LUBUSKIE,461687,5.3,2025-08
023000000000,WIELKOPOLSKIE,461687,8.6,2011-08
023000000000,WIELKOPOLSKIE,461687,9.0,2012-08
023000000000,WIELKOPOLSKIE,461687,9.5,2013-08
023000000000,WIELKOPOLSKIE,461687,8.1,2014-08
023000000000,WIELKOPOLSKIE,461687,6.4,2015-08
023000000000,WIELKOPOLSKIE,461687,5.2,2016-08
023000000000,WIELKOPOLSKIE,461687,4.1,2017-08
023000000000,WIELKOPOLSKIE,461687,3.2,2018-08
023000000000,WIELKOPOLSKIE,461687,2.8,2019-08
023000000000,WIELKOPOLSKIE,461687,3.7,2020-08
023000000000,WIELKOPOLSKIE,461687,3.4,2021-08
023000000000,WIELKOPOLSKIE,461687,2.8,2022-08
023000000000,WIELKOPOLSKIE,461687,3.0,2023-08
023000000000,WIELKOPOLSKIE,461687,3.0,2024-08
023000000000,WIELKOPOLSKIE,461687,3.4,2025-08
023200000000,ZACHODNIOPOMORSKIE,461687,16.3,2011-08
023200000000,ZACHODNIOPOMORSKIE,461687,16.5,2012-08
023200000000,ZACHODNIOPOMORSKIE,461687,16.7,2013-08
023200000000,ZACHODNIOPOMORSKIE,461687,15.2,2014-08
023200000000,ZACHODNIOPOMORSKIE,461687,13.0,2015-08
023200000000,ZACHODNIOPOMORSKIE,461687,10.7,2016-08
023200000000,ZACHODNIOPOMORSKIE,461687,9.0,2017-08
023200000000,ZACHODNIOPOMORSKIE,461687,7.1,2018-08
023200000000,ZACHODNIOPOMORSKIE,461687,6.5,2019-08
023200000000,ZACHODNIOPOMORSKIE,461687,7.9,2020-08
023200000000,ZACHODNIOPOMORSKIE,461687,7.5,2021-08
023200000000,ZACHODNIOPOMORSKIE,461687,6.5,2022-08
023200000000,ZACHODNIOPOMORSKIE,461687,6.5,2023-08
023200000000,ZACHODNIOPOMORSKIE,461687,6.5,2024-08
023200000000,ZACHODNIOPOMORSKIE,461687,7.2,2025-08
030200000000,DOLNOŚLĄSKIE,461687,12.0,2011-08
030200000000,DOLNOŚLĄSKIE,461687,12.4,2012-08
030200000000,DOLNOŚLĄSKIE,461687,12.9,2013-08
030200000000,DOLNOŚLĄSKIE,461687,11.2,2014-08
030200000000,DOLNOŚLĄSKIE,461687,8.8,2015-08
030200000000,DOLNOŚLĄSKIE,461687,7.4,2016-08
030200000000,DOLNOŚLĄSKIE,461687,6.2,2017-08
030200000000,DOLNOŚLĄSKIE,461687,5.1,2018-08
030200000000,DOLNOŚLĄSKIE,461687,4.7,2019-08
030200000000,DOLNOŚLĄSKIE,461687,5.7,2020-08
030200000000,DOLNOŚLĄSKIE,461687,5.2,2021-08
030200000000,DOLNOŚLĄSKIE,461687,4.5,2022-08
030200000000,DOLNOŚLĄSKIE,461687,4.4,2023-08
030200000000,DOLNOŚLĄSKIE,461687,4.6,2024-08
030200000000,DOLNOŚLĄSKIE,461687,5.2,2025-08
031600000000,OPOLSKIE,461687,12.5,2011-08
031600000000,OPOLSKIE,461687,13.1,2012-08
031600000000,OPOLSKIE,461687,13.7,2013-08
031600000000,OPOLSKIE,461687,12.3,2014-08
031600000000,OPOLSKIE,461687,9.9,2015-08
031600000000,OPOLSKIE,461687,8.9,2016-08
031600000000,OPOLSKIE,461687,7.6,2017-08
031600000000,OPOLSKIE,461687,6.1,2018-08
031600000000,OPOLSKIE,461687,5.6,2019-08
031600000000,OPOLSKIE,461687,6.9,2020-08
031600000000,OPOLSKIE,461687,6.3,2021-08
031600000000,OPOLSKIE,461687,6.0,2022-08
031600000000,OPOLSKIE,461687,5.9,2023-08
031600000000,OPOLSKIE,461687,5.8,2024-08
031600000000,OPOLSKIE,461687,6.2,2025-08
040400000000,KUJAWSKO-POMORSKIE,461687,15.9,2011-08
040400000000,KUJAWSKO-POMORSKIE,461687,16.6,2012-08
040400000000,KUJAWSKO-POMORSKIE,461687,17.4,2013-08
040400000000,KUJAWSKO-POMORSKIE,461687,15.8,2014-08
040400000000,KUJAWSKO-POMORSKIE,461687,13.1,2015-08
040400000000,KUJAWSKO-POMORSKIE,461687,11.8,2016-08
040400000000,KUJAWSKO-POMORSKIE,461687,10.2,2017-08
040400000000,KUJAWSKO-POMORSKIE,461687,8.6,2018-08
040400000000,KUJAWSKO-POMORSKIE,461687,7.7,2019-08
040400000000,KUJAWSKO-POMORSKIE,461687,8.7,2020-08
040400000000,KUJAWSKO-POMORSKIE,461687,8.1,2021-08
040400000000,KUJAWSKO-POMORSKIE,461687,7.2,2022-08
040400000000,KUJAWSKO-POMORSKIE,461687,6.9,2023-08
040400000000,KUJAWSKO-POMORSKIE,461687,7.0,2024-08
040400000000,KUJAWSKO-POMORSKIE,461687,7.6,2025-08
042200000000,POMORSKIE,461687,11.5,2011-08
042200000000,POMORSKIE,461687,12.2,2012-08
042200000000,POMORSKIE,461687,12.8,2013-08
042200000000,POMORSKIE,461687,11.3,2014-08
042200000000,POMORSKIE,461687,9.1,2015-08
042200000000,POMORSKIE,461687,7.3,2016-08
042200000000,POMORSKIE,461687,5.7,2017-08
042200000000,POMORSKIE,461687,4.7,2018-08
042200000000,POMORSKIE,461687,4.4,2019-08
042200000000,POMORSKIE,461687,5.6,2020-08
042200000000,POMORSKIE,461687,5.6,2021-08
042200000000,POMORSKIE,461687,4.4,2022-08
042200000000,POMORSKIE,461687,4.5,2023-08
042200000000,POMORSKIE,461687,4.5,2024-08
042200000000,POMORSKIE,461687,5.0,2025-08
042800000000,WARMIŃSKO-MAZURSKIE,461687,18.5,2011-08
042800000000,WARMIŃSKO-MAZURSKIE,461687,19.4,2012-08
042800000000,WARMIŃSKO-MAZURSKIE,461687,20.3,2013-08
042800000000,WARMIŃSKO-MAZURSKIE,461687,18.4,2014-08
042800000000,WARMIŃSKO-MAZURSKIE,461687,16.1,2015-08
042800000000,WARMIŃSKO-MAZURSKIE,461687,13.8,2016-08
042800000000,WARMIŃSKO-MAZURSKIE,461687,11.9,2017-08
042800000000,WARMIŃSKO-MAZURSKIE,461687,9.9,2018-08
042800000000,WARMIŃSKO-MAZURSKIE,461687,8.7,2019-08
042800000000,WARMIŃSKO-MAZURSKIE,461687,10.0,2020-08
042800000000,WARMIŃSKO-MAZURSKIE,461687,8.8,2021-08
042800000000,WARMIŃSKO-MAZURSKIE,461687,8.1,2022-08
042800000000,WARMIŃSKO-MAZURSKIE,461687,7.9,2023-08
042800000000,WARMIŃSKO-MAZURSKIE,461687,7.8,2024-08
042800000000,WARMIŃSKO-MAZURSKIE,461687,8.5,2025-08
011200000000,MAŁOPOLSKIE,461688,9.9,2011-09
011200000000,MAŁOPOLSKIE,461688,10.6,2012-09
011200000000,MAŁOPOLSKIE,461688,11.3,2013-09
011200000000,MAŁOPOLSKIE,461688,9.8,2014-09
011200000000,MAŁOPOLSKIE,461688,8.3,2015-09
011200000000,MAŁOPOLSKIE,461688,6.7,2016-09
011200000000,MAŁOPOLSKIE,461688,5.5,2017-09
011200000000,MAŁOPOLSKIE,461688,4.7,2018-09
011200000000,MAŁOPOLSKIE,461688,4.1,2019-09
011200000000,MAŁOPOLSKIE,461688,5.2,2020-09
011200000000,MAŁOPOLSKIE,461688,4.8,2021-09
011200000000,MAŁOPOLSKIE,461688,4.5,2022-09
011200000000,MAŁOPOLSKIE,461688,4.1,2023-09
011200000000,MAŁOPOLSKIE,461688,4.1,2024-09
011200000000,MAŁOPOLSKIE,461688,4.6,2025-09
012400000000,ŚLĄSKIE,461688,9.6,2011-09
012400000000,ŚLĄSKIE,461688,10.4,2012-09
012400000000,ŚLĄSKIE,461688,11.1,2013-09
012400000000,ŚLĄSKIE,461688,9.8,2014-09
012400000000,ŚLĄSKIE,461688,8.2,2015-09
012400000000,ŚLĄSKIE,461688,6.7,2016-09
012400000000,ŚLĄSKIE,461688,5.5,2017-09
012400000000,ŚLĄSKIE,461688,4.4,2018-09
012400000000,ŚLĄSKIE,461688,3.7,2019-09
012400000000,ŚLĄSKIE,461688,4.8,2020-09
012400000000,ŚLĄSKIE,461688,4.5,2021-09
012400000000,ŚLĄSKIE,461688,3.8,2022-09
012400000000,ŚLĄSKIE,461688,3.7,2023-09
012400000000,ŚLĄSKIE,461688,3.6,2024-09
012400000000,ŚLĄSKIE,461688,4.3,2025-09
020800000000,LUBUSKIE,461688,14.3,2011-09
020800000000,LUBUSKIE,461688,15.1,2012-09
020800000000,LUBUSKIE,461688,15.3,2013-09
020800000000,LUBUSKIE,461688,12.8,2014-09
020800000000,LUBUSKIE,461688,10.4,2015-09
020800000000,LUBUSKIE,461688,8.4,2016-09
020800000000,LUBUSKIE,461688,6.8,2017-09
020800000000,LUBUSKIE,461688,5.7,2018-09
020800000000,LUBUSKIE,461688,4.8,2019-09
020800000000,LUBUSKIE,461688,6.1,2020-09
020800000000,LUBUSKIE,461688,5.2,2021-09
020800000000,LUBUSKIE,461688,4.2,2022-09
020800000000,LUBUSKIE,461688,4.3,2023-09
020800000000,LUBUSKIE,461688,4.3,2024-09
020800000000,LUBUSKIE,461688,5.4,2025-09
023000000000,WIELKOPOLSKIE,461688,8.6,2011-09
023000000000,WIELKOPOLSKIE,461688,9.1,2012-09
023000000000,WIELKOPOLSKIE,461688,9.4,2013-09
023000000000,WIELKOPOLSKIE,461688,7.9,2014-09
023000000000,WIELKOPOLSKIE,461688,6.2,2015-09
023000000000,WIELKOPOLSKIE,461688,5.1,2016-09
023000000000,WIELKOPOLSKIE,461688,4.0,2017-09
023000000000,WIELKOPOLSKIE,461688,3.2,2018-09
023000000000,WIELKOPOLSKIE,461688,2.8,2019-09
023000000000,WIELKOPOLSKIE,461688,3.7,2020-09
023000000000,WIELKOPOLSKIE,461688,3.3,2021-09
023000000000,WIELKOPOLSKIE,461688,2.8,2022-09
023000000000,WIELKOPOLSKIE,461688,3.0,2023-09
023000000000,WIELKOPOLSKIE,461688,3.0,2024-09
023000000000,WIELKOPOLSKIE,461688,3.5,2025-09
023200000000,ZACHODNIOPOMORSKIE,461688,16.4,2011-09
023200000000,ZACHODNIOPOMORSKIE,461688,16.7,2012-09
023200000000,ZACHODNIOPOMORSKIE,461688,16.9,2013-09
023200000000,ZACHODNIOPOMORSKIE,461688,15.2,2014-09
023200000000,ZACHODNIOPOMORSKIE,461688,12.9,2015-09
023200000000,ZACHODNIOPOMORSKIE,461688,10.6,2016-09
023200000000,ZACHODNIOPOMORSKIE,461688,8.9,2017-09
023200000000,ZACHODNIOPOMORSKIE,461688,7.1,2018-09
023200000000,ZACHODNIOPOMORSKIE,461688,6.5,2019-09
023200000000,ZACHODNIOPOMORSKIE,461688,7.9,2020-09
023200000000,ZACHODNIOPOMORSKIE,461688,7.3,2021-09
023200000000,ZACHODNIOPOMORSKIE,461688,6.4,2022-09
023200000000,ZACHODNIOPOMORSKIE,461688,6.5,2023-09
023200000000,ZACHODNIOPOMORSKIE,461688,6.6,2024-09
023200000000,ZACHODNIOPOMORSKIE,461688,7.3,2025-09
030200000000,DOLNOŚLĄSKIE,461688,11.9,2011-09
030200000000,DOLNOŚLĄSKIE,461688,12.5,2012-09
030200000000,DOLNOŚLĄSKIE,461688,12.8,2013-09
030200000000,DOLNOŚLĄSKIE,461688,10.9,2014-09
030200000000,DOLNOŚLĄSKIE,461688,8.6,2015-09
030200000000,DOLNOŚLĄSKIE,461688,7.3,2016-09
030200000000,DOLNOŚLĄSKIE,461688,6.1,2017-09
030200000000,DOLNOŚLĄSKIE,461688,5.1,2018-09
030200000000,DOLNOŚLĄSKIE,461688,4.6,2019-09
030200000000,DOLNOŚLĄSKIE,461688,5.6,2020-09
030200000000,DOLNOŚLĄSKIE,461688,5.0,2021-09
030200000000,DOLNOŚLĄSKIE,461688,4.5,2022-09
030200000000,DOLNOŚLĄSKIE,461688,4.4,2023-09
030200000000,DOLNOŚLĄSKIE,461688,4.6,2024-09
030200000000,DOLNOŚLĄSKIE,461688,5.2,2025-09
031600000000,OPOLSKIE,461688,12.6,2011-09
031600000000,OPOLSKIE,461688,13.2,2012-09
031600000000,OPOLSKIE,461688,13.8,2013-09
031600000000,OPOLSKIE,461688,12.0,2014-09
031600000000,OPOLSKIE,461688,9.7,2015-09
031600000000,OPOLSKIE,461688,8.8,2016-09
031600000000,OPOLSKIE,461688,7.4,2017-09
031600000000,OPOLSKIE,461688,6.0,2018-09
031600000000,OPOLSKIE,461688,5.5,2019-09
031600000000,OPOLSKIE,461688,6.8,2020-09
031600000000,OPOLSKIE,461688,6.1,2021-09
031600000000,OPOLSKIE,461688,6.0,2022-09
031600000000,OPOLSKIE,461688,5.7,2023-09
031600000000,OPOLSKIE,461688,5.7,2024-09
031600000000,OPOLSKIE,461688,6.2,2025-09
040400000000,KUJAWSKO-POMORSKIE,461688,15.9,2011-09
040400000000,KUJAWSKO-POMORSKIE,461688,16.7,2012-09
040400000000,KUJAWSKO-POMORSKIE,461688,17.5,2013-09
040400000000,KUJAWSKO-POMORSKIE,461688,15.7,2014-09
040400000000,KUJAWSKO-POMORSKIE,461688,13.0,2015-09
040400000000,KUJAWSKO-POMORSKIE,461688,11.7,2016-09
040400000000,KUJAWSKO-POMORSKIE,461688,10.1,2017-09
040400000000,KUJAWSKO-POMORSKIE,461688,8.6,2018-09
040400000000,KUJAWSKO-POMORSKIE,461688,7.6,2019-09
040400000000,KUJAWSKO-POMORSKIE,461688,8.7,2020-09
040400000000,KUJAWSKO-POMORSKIE,461688,7.9,2021-09
040400000000,KUJAWSKO-POMORSKIE,461688,7.1,2022-09
040400000000,KUJAWSKO-POMORSKIE,461688,6.9,2023-09
040400000000,KUJAWSKO-POMORSKIE,461688,7.0,2024-09
040400000000,KUJAWSKO-POMORSKIE,461688,7.6,2025-09
042200000000,POMORSKIE,461688,11.7,2011-09
042200000000,POMORSKIE,461688,12.4,2012-09
042200000000,POMORSKIE,461688,13.0,2013-09
042200000000,POMORSKIE,461688,11.2,2014-09
042200000000,POMORSKIE,461688,9.0,2015-09
042200000000,POMORSKIE,461688,7.3,2016-09
042200000000,POMORSKIE,461688,5.7,2017-09
042200000000,POMORSKIE,461688,4.8,2018-09
042200000000,POMORSKIE,461688,4.4,2019-09
042200000000,POMORSKIE,461688,5.7,2020-09
042200000000,POMORSKIE,461688,5.5,2021-09
042200000000,POMORSKIE,461688,4.5,2022-09
042200000000,POMORSKIE,461688,4.6,2023-09
042200000000,POMORSKIE,461688,4.5,2024-09
042200000000,POMORSKIE,461688,5.2,2025-09
042800000000,WARMIŃSKO-MAZURSKIE,461688,18.7,2011-09
042800000000,WARMIŃSKO-MAZURSKIE,461688,19.5,2012-09
042800000000,WARMIŃSKO-MAZURSKIE,461688,20.4,2013-09
042800000000,WARMIŃSKO-MAZURSKIE,461688,18.2,2014-09
042800000000,WARMIŃSKO-MAZURSKIE,461688,16.0,2015-09
042800000000,WARMIŃSKO-MAZURSKIE,461688,13.7,2016-09
042800000000,WARMIŃSKO-MAZURSKIE,461688,11.8,2017-09
042800000000,WARMIŃSKO-MAZURSKIE,461688,9.9,2018-09
042800000000,WARMIŃSKO-MAZURSKIE,461688,8.6,2019-09
042800000000,WARMIŃSKO-MAZURSKIE,461688,9.9,2020-09
042800000000,WARMIŃSKO-MAZURSKIE,461688,8.7,2021-09
042800000000,WARMIŃSKO-MAZURSKIE,461688,8.2,2022-09
042800000000,WARMIŃSKO-MAZURSKIE,461688,7.9,2023-09
042800000000,WARMIŃSKO-MAZURSKIE,461688,7.8,2024-09
042800000000,WARMIŃSKO-MAZURSKIE,461688,8.7,2025-09
011200000000,MAŁOPOLSKIE,461689,9.9,2011-10
011200000000,MAŁOPOLSKIE,461689,10.7,2012-10
011200000000,MAŁOPOLSKIE,461689,11.2,2013-10
011200000000,MAŁOPOLSKIE,461689,9.6,2014-10
011200000000,MAŁOPOLSKIE,461689,8.2,2015-10
011200000000,MAŁOPOLSKIE,461689,6.6,2016-10
011200000000,MAŁOPOLSKIE,461689,5.3,2017-10
011200000000,MAŁOPOLSKIE,461689,4.6,2018-10
011200000000,MAŁOPOLSKIE,461689,4.0,2019-10
011200000000,MAŁOPOLSKIE,461689,5.2,2020-10
011200000000,MAŁOPOLSKIE,461689,4.6,2021-10
011200000000,MAŁOPOLSKIE,461689,4.5,2022-10
011200000000,MAŁOPOLSKIE,461689,4.1,2023-10
011200000000,MAŁOPOLSKIE,461689,4.1,2024-10
012400000000,ŚLĄSKIE,461689,9.7,2011-10
012400000000,ŚLĄSKIE,461689,10.5,2012-10
012400000000,ŚLĄSKIE,461689,11.0,2013-10
012400000000,ŚLĄSKIE,461689,9.6,2014-10
012400000000,ŚLĄSKIE,461689,8.1,2015-10
012400000000,ŚLĄSKIE,461689,6.6,2016-10
012400000000,ŚLĄSKIE,461689,5.2,2017-10
012400000000,ŚLĄSKIE,461689,4.3,2018-10
012400000000,ŚLĄSKIE,461689,3.6,2019-10
012400000000,ŚLĄSKIE,461689,4.8,2020-10
012400000000,ŚLĄSKIE,461689,4.4,2021-10
012400000000,ŚLĄSKIE,461689,3.7,2022-10
012400000000,ŚLĄSKIE,461689,3.6,2023-10
012400000000,ŚLĄSKIE,461689,3.5,2024-10
020800000000,LUBUSKIE,461689,14.4,2011-10
020800000000,LUBUSKIE,461689,14.9,2012-10
020800000000,LUBUSKIE,461689,15.1,2013-10
020800000000,LUBUSKIE,461689,12.6,2014-10
020800000000,LUBUSKIE,461689,10.2,2015-10
020800000000,LUBUSKIE,461689,8.4,2016-10
020800000000,LUBUSKIE,461689,6.5,2017-10
020800000000,LUBUSKIE,461689,5.6,2018-10
020800000000,LUBUSKIE,461689,4.7,2019-10
020800000000,LUBUSKIE,461689,6.1,2020-10
020800000000,LUBUSKIE,461689,5.0,2021-10
020800000000,LUBUSKIE,461689,4.2,2022-10
020800000000,LUBUSKIE,461689,4.3,2023-10
020800000000,LUBUSKIE,461689,4.3,2024-10
023000000000,WIELKOPOLSKIE,461689,8.6,2011-10
023000000000,WIELKOPOLSKIE,461689,9.2,2012-10
023000000000,WIELKOPOLSKIE,461689,9.3,2013-10
023000000000,WIELKOPOLSKIE,461689,7.7,2014-10
023000000000,WIELKOPOLSKIE,461689,6.1,2015-10
023000000000,WIELKOPOLSKIE,461689,5.0,2016-10
023000000000,WIELKOPOLSKIE,461689,3.8,2017-10
023000000000,WIELKOPOLSKIE,461689,3.1,2018-10
023000000000,WIELKOPOLSKIE,461689,2.8,2019-10
023000000000,WIELKOPOLSKIE,461689,3.7,2020-10
023000000000,WIELKOPOLSKIE,461689,3.2,2021-10
023000000000,WIELKOPOLSKIE,461689,2.8,2022-10
023000000000,WIELKOPOLSKIE,461689,3.0,2023-10
023000000000,WIELKOPOLSKIE,461689,2.9,2024-10
023200000000,ZACHODNIOPOMORSKIE,461689,16.6,2011-10
023200000000,ZACHODNIOPOMORSKIE,461689,16.9,2012-10
023200000000,ZACHODNIOPOMORSKIE,461689,17.0,2013-10
023200000000,ZACHODNIOPOMORSKIE,461689,15.1,2014-10
023200000000,ZACHODNIOPOMORSKIE,461689,12.8,2015-10
023200000000,ZACHODNIOPOMORSKIE,461689,10.6,2016-10
023200000000,ZACHODNIOPOMORSKIE,461689,8.6,2017-10
023200000000,ZACHODNIOPOMORSKIE,461689,7.2,2018-10
023200000000,ZACHODNIOPOMORSKIE,461689,6.5,2019-10
023200000000,ZACHODNIOPOMORSKIE,461689,7.9,2020-10
023200000000,ZACHODNIOPOMORSKIE,461689,7.1,2021-10
023200000000,ZACHODNIOPOMORSKIE,461689,6.5,2022-10
023200000000,ZACHODNIOPOMORSKIE,461689,6.5,2023-10
023200000000,ZACHODNIOPOMORSKIE,461689,6.6,2024-10
030200000000,DOLNOŚLĄSKIE,461689,12.0,2011-10
030200000000,DOLNOŚLĄSKIE,461689,12.6,2012-10
030200000000,DOLNOŚLĄSKIE,461689,12.8,2013-10
030200000000,DOLNOŚLĄSKIE,461689,10.6,2014-10
030200000000,DOLNOŚLĄSKIE,461689,8.5,2015-10
030200000000,DOLNOŚLĄSKIE,461689,7.2,2016-10
030200000000,DOLNOŚLĄSKIE,461689,5.8,2017-10
030200000000,DOLNOŚLĄSKIE,461689,5.0,2018-10
030200000000,DOLNOŚLĄSKIE,461689,4.5,2019-10
030200000000,DOLNOŚLĄSKIE,461689,5.5,2020-10
030200000000,DOLNOŚLĄSKIE,461689,4.9,2021-10
030200000000,DOLNOŚLĄSKIE,461689,4.4,2022-10
030200000000,DOLNOŚLĄSKIE,461689,4.3,2023-10
030200000000,DOLNOŚLĄSKIE,461689,4.5,2024-10
031600000000,OPOLSKIE,461689,12.6,2011-10
031600000000,OPOLSKIE,461689,13.3,2012-10
031600000000,OPOLSKIE,461689,13.8,2013-10
031600000000,OPOLSKIE,461689,11.7,2014-10
031600000000,OPOLSKIE,461689,9.6,2015-10
031600000000,OPOLSKIE,461689,8.7,2016-10
031600000000,OPOLSKIE,461689,6.9,2017-10
031600000000,OPOLSKIE,461689,6.0,2018-10
031600000000,OPOLSKIE,461689,5.4,2019-10
031600000000,OPOLSKIE,461689,6.7,2020-10
031600000000,OPOLSKIE,461689,6.0,2021-10
031600000000,OPOLSKIE,461689,6.0,2022-10
031600000000,OPOLSKIE,461689,5.6,2023-10
031600000000,OPOLSKIE,461689,5.7,2024-10
040400000000,KUJAWSKO-POMORSKIE,461689,16.0,2011-10
040400000000,KUJAWSKO-POMORSKIE,461689,16.8,2012-10
040400000000,KUJAWSKO-POMORSKIE,461689,17.4,2013-10
040400000000,KUJAWSKO-POMORSKIE,461689,15.3,2014-10
040400000000,KUJAWSKO-POMORSKIE,461689,12.8,2015-10
040400000000,KUJAWSKO-POMORSKIE,461689,11.6,2016-10
040400000000,KUJAWSKO-POMORSKIE,461689,9.8,2017-10
040400000000,KUJAWSKO-POMORSKIE,461689,8.5,2018-10
040400000000,KUJAWSKO-POMORSKIE,461689,7.5,2019-10
040400000000,KUJAWSKO-POMORSKIE,461689,8.6,2020-10
040400000000,KUJAWSKO-POMORSKIE,461689,7.7,2021-10
040400000000,KUJAWSKO-POMORSKIE,461689,7.1,2022-10
040400000000,KUJAWSKO-POMORSKIE,461689,6.8,2023-10
040400000000,KUJAWSKO-POMORSKIE,461689,7.0,2024-10
042200000000,POMORSKIE,461689,11.8,2011-10
042200000000,POMORSKIE,461689,12.6,2012-10
042200000000,POMORSKIE,461689,12.9,2013-10
042200000000,POMORSKIE,461689,11.1,2014-10
042200000000,POMORSKIE,461689,8.9,2015-10
042200000000,POMORSKIE,461689,7.2,2016-10
042200000000,POMORSKIE,461689,5.5,2017-10
042200000000,POMORSKIE,461689,4.8,2018-10
042200000000,POMORSKIE,461689,4.4,2019-10
042200000000,POMORSKIE,461689,5.8,2020-10
042200000000,POMORSKIE,461689,5.3,2021-10
042200000000,POMORSKIE,461689,4.5,2022-10
042200000000,POMORSKIE,461689,4.6,2023-10
042200000000,POMORSKIE,461689,4.5,2024-10
042800000000,WARMIŃSKO-MAZURSKIE,461689,18.9,2011-10
042800000000,WARMIŃSKO-MAZURSKIE,461689,19.8,2012-10
042800000000,WARMIŃSKO-MAZURSKIE,461689,20.6,2013-10
042800000000,WARMIŃSKO-MAZURSKIE,461689,18.1,2014-10
042800000000,WARMIŃSKO-MAZURSKIE,461689,15.8,2015-10
042800000000,WARMIŃSKO-MAZURSKIE,461689,13.7,2016-10
042800000000,WARMIŃSKO-MAZURSKIE,461689,11.6,2017-10
042800000000,WARMIŃSKO-MAZURSKIE,461689,9.9,2018-10
042800000000,WARMIŃSKO-MAZURSKIE,461689,8.6,2019-10
042800000000,WARMIŃSKO-MAZURSKIE,461689,9.8,2020-10
042800000000,WARMIŃSKO-MAZURSKIE,461689,8.6,2021-10
042800000000,WARMIŃSKO-MAZURSKIE,461689,8.3,2022-10
042800000000,WARMIŃSKO-MAZURSKIE,461689,7.9,2023-10
042800000000,WARMIŃSKO-MAZURSKIE,461689,7.9,2024-10
011200000000,MAŁOPOLSKIE,461690,10.1,2011-11
011200000000,MAŁOPOLSKIE,461690,11.1,2012-11
011200000000,MAŁOPOLSKIE,461690,11.4,2013-11
011200000000,MAŁOPOLSKIE,461690,9.7,2014-11
011200000000,MAŁOPOLSKIE,461690,8.2,2015-11
011200000000,MAŁOPOLSKIE,461690,6.6,2016-11
011200000000,MAŁOPOLSKIE,461690,5.3,2017-11
011200000000,MAŁOPOLSKIE,461690,4.7,2018-11
011200000000,MAŁOPOLSKIE,461690,4.0,2019-11
011200000000,MAŁOPOLSKIE,461690,5.3,2020-11
011200000000,MAŁOPOLSKIE,461690,4.6,2021-11
011200000000,MAŁOPOLSKIE,461690,4.5,2022-11
011200000000,MAŁOPOLSKIE,461690,4.1,2023-11
011200000000,MAŁOPOLSKIE,461690,4.1,2024-11
012400000000,ŚLĄSKIE,461690,9.9,2011-11
012400000000,ŚLĄSKIE,461690,10.8,2012-11
012400000000,ŚLĄSKIE,461690,11.1,2013-11
012400000000,ŚLĄSKIE,461690,9.6,2014-11
012400000000,ŚLĄSKIE,461690,8.1,2015-11
012400000000,ŚLĄSKIE,461690,6.6,2016-11
012400000000,ŚLĄSKIE,461690,5.1,2017-11
012400000000,ŚLĄSKIE,461690,4.3,2018-11
012400000000,ŚLĄSKIE,461690,3.6,2019-11
012400000000,ŚLĄSKIE,461690,4.8,2020-11
012400000000,ŚLĄSKIE,461690,4.3,2021-11
012400000000,ŚLĄSKIE,461690,3.6,2022-11
012400000000,ŚLĄSKIE,461690,3.5,2023-11
012400000000,ŚLĄSKIE,461690,3.5,2024-11
020800000000,LUBUSKIE,461690,14.7,2011-11
020800000000,LUBUSKIE,461690,15.1,2012-11
020800000000,LUBUSKIE,461690,15.3,2013-11
020800000000,LUBUSKIE,461690,12.6,2014-11
020800000000,LUBUSKIE,461690,10.2,2015-11
020800000000,LUBUSKIE,461690,8.4,2016-11
020800000000,LUBUSKIE,461690,6.4,2017-11
020800000000,LUBUSKIE,461690,5.7,2018-11
020800000000,LUBUSKIE,461690,4.7,2019-11
020800000000,LUBUSKIE,461690,6.1,2020-11
020800000000,LUBUSKIE,461690,4.9,2021-11
020800000000,LUBUSKIE,461690,4.3,2022-11
020800000000,LUBUSKIE,461690,4.3,2023-11
020800000000,LUBUSKIE,461690,4.4,2024-11
023000000000,WIELKOPOLSKIE,461690,8.8,2011-11
023000000000,WIELKOPOLSKIE,461690,9.5,2012-11
023000000000,WIELKOPOLSKIE,461690,9.5,2013-11
023000000000,WIELKOPOLSKIE,461690,7.7,2014-11
023000000000,WIELKOPOLSKIE,461690,6.1,2015-11
023000000000,WIELKOPOLSKIE,461690,5.0,2016-11
023000000000,WIELKOPOLSKIE,461690,3.7,2017-11
023000000000,WIELKOPOLSKIE,461690,3.1,2018-11
023000000000,WIELKOPOLSKIE,461690,2.8,2019-11
023000000000,WIELKOPOLSKIE,461690,3.7,2020-11
023000000000,WIELKOPOLSKIE,461690,3.1,2021-11
023000000000,WIELKOPOLSKIE,461690,2.9,2022-11
023000000000,WIELKOPOLSKIE,461690,2.9,2023-11
023000000000,WIELKOPOLSKIE,461690,2.9,2024-11
023200000000,ZACHODNIOPOMORSKIE,461690,17.0,2011-11
023200000000,ZACHODNIOPOMORSKIE,461690,17.4,2012-11
023200000000,ZACHODNIOPOMORSKIE,461690,17.4,2013-11
023200000000,ZACHODNIOPOMORSKIE,461690,15.2,2014-11
023200000000,ZACHODNIOPOMORSKIE,461690,13.0,2015-11
023200000000,ZACHODNIOPOMORSKIE,461690,10.7,2016-11
023200000000,ZACHODNIOPOMORSKIE,461690,8.6,2017-11
023200000000,ZACHODNIOPOMORSKIE,461690,7.3,2018-11
023200000000,ZACHODNIOPOMORSKIE,461690,6.6,2019-11
023200000000,ZACHODNIOPOMORSKIE,461690,8.1,2020-11
023200000000,ZACHODNIOPOMORSKIE,461690,7.0,2021-11
023200000000,ZACHODNIOPOMORSKIE,461690,6.6,2022-11
023200000000,ZACHODNIOPOMORSKIE,461690,6.6,2023-11
023200000000,ZACHODNIOPOMORSKIE,461690,6.6,2024-11
030200000000,DOLNOŚLĄSKIE,461690,12.2,2011-11
030200000000,DOLNOŚLĄSKIE,461690,13.0,2012-11
030200000000,DOLNOŚLĄSKIE,461690,13.0,2013-11
030200000000,DOLNOŚLĄSKIE,461690,10.6,2014-11
030200000000,DOLNOŚLĄSKIE,461690,8.5,2015-11
030200000000,DOLNOŚLĄSKIE,461690,7.2,2016-11
030200000000,DOLNOŚLĄSKIE,461690,5.6,2017-11
030200000000,DOLNOŚLĄSKIE,461690,5.1,2018-11
030200000000,DOLNOŚLĄSKIE,461690,4.5,2019-11
030200000000,DOLNOŚLĄSKIE,461690,5.5,2020-11
030200000000,DOLNOŚLĄSKIE,461690,4.8,2021-11
030200000000,DOLNOŚLĄSKIE,461690,4.4,2022-11
030200000000,DOLNOŚLĄSKIE,461690,4.4,2023-11
030200000000,DOLNOŚLĄSKIE,461690,4.6,2024-11
031600000000,OPOLSKIE,461690,12.8,2011-11
031600000000,OPOLSKIE,461690,13.7,2012-11
031600000000,OPOLSKIE,461690,14.0,2013-11
031600000000,OPOLSKIE,461690,11.7,2014-11
031600000000,OPOLSKIE,461690,9.6,2015-11
031600000000,OPOLSKIE,461690,8.7,2016-11
031600000000,OPOLSKIE,461690,6.9,2017-11
031600000000,OPOLSKIE,461690,6.0,2018-11
031600000000,OPOLSKIE,461690,5.5,2019-11
031600000000,OPOLSKIE,461690,6.7,2020-11
031600000000,OPOLSKIE,461690,5.9,2021-11
031600000000,OPOLSKIE,461690,5.9,2022-11
031600000000,OPOLSKIE,461690,5.6,2023-11
031600000000,OPOLSKIE,461690,5.7,2024-11
040400000000,KUJAWSKO-POMORSKIE,461690,16.4,2011-11
040400000000,KUJAWSKO-POMORSKIE,461690,17.3,2012-11
040400000000,KUJAWSKO-POMORSKIE,461690,17.8,2013-11
040400000000,KUJAWSKO-POMORSKIE,461690,15.4,2014-11
040400000000,KUJAWSKO-POMORSKIE,461690,12.9,2015-11
040400000000,KUJAWSKO-POMORSKIE,461690,11.7,2016-11
040400000000,KUJAWSKO-POMORSKIE,461690,9.8,2017-11
040400000000,KUJAWSKO-POMORSKIE,461690,8.6,2018-11
040400000000,KUJAWSKO-POMORSKIE,461690,7.6,2019-11
040400000000,KUJAWSKO-POMORSKIE,461690,8.7,2020-11
040400000000,KUJAWSKO-POMORSKIE,461690,7.6,2021-11
040400000000,KUJAWSKO-POMORSKIE,461690,7.2,2022-11
040400000000,KUJAWSKO-POMORSKIE,461690,6.9,2023-11
040400000000,KUJAWSKO-POMORSKIE,461690,7.1,2024-11
042200000000,POMORSKIE,461690,12.1,2011-11
042200000000,POMORSKIE,461690,12.9,2012-11
042200000000,POMORSKIE,461690,13.1,2013-11
042200000000,POMORSKIE,461690,11.2,2014-11
042200000000,POMORSKIE,461690,9.0,2015-11
042200000000,POMORSKIE,461690,7.2,2016-11
042200000000,POMORSKIE,461690,5.5,2017-11
042200000000,POMORSKIE,461690,4.8,2018-11
042200000000,POMORSKIE,461690,4.4,2019-11
042200000000,POMORSKIE,461690,5.8,2020-11
042200000000,POMORSKIE,461690,5.2,2021-11
042200000000,POMORSKIE,461690,4.5,2022-11
042200000000,POMORSKIE,461690,4.6,2023-11
042200000000,POMORSKIE,461690,4.6,2024-11
042800000000,WARMIŃSKO-MAZURSKIE,461690,19.4,2011-11
042800000000,WARMIŃSKO-MAZURSKIE,461690,20.4,2012-11
042800000000,WARMIŃSKO-MAZURSKIE,461690,21.1,2013-11
042800000000,WARMIŃSKO-MAZURSKIE,461690,18.3,2014-11
042800000000,WARMIŃSKO-MAZURSKIE,461690,15.9,2015-11
042800000000,WARMIŃSKO-MAZURSKIE,461690,13.9,2016-11
042800000000,WARMIŃSKO-MAZURSKIE,461690,11.5,2017-11
042800000000,WARMIŃSKO-MAZURSKIE,461690,10.1,2018-11
042800000000,WARMIŃSKO-MAZURSKIE,461690,8.7,2019-11
042800000000,WARMIŃSKO-MAZURSKIE,461690,9.9,2020-11
042800000000,WARMIŃSKO-MAZURSKIE,461690,8.5,2021-11
042800000000,WARMIŃSKO-MAZURSKIE,461690,8.5,2022-11
042800000000,WARMIŃSKO-MAZURSKIE,461690,8.0,2023-11
042800000000,WARMIŃSKO-MAZURSKIE,461690,8.0,2024-11
011200000000,MAŁOPOLSKIE,461691,10.5,2011-12
011200000000,MAŁOPOLSKIE,461691,11.4,2012-12
011200000000,MAŁOPOLSKIE,461691,11.5,2013-12
011200000000,MAŁOPOLSKIE,461691,9.7,2014-12
011200000000,MAŁOPOLSKIE,461691,8.3,2015-12
011200000000,MAŁOPOLSKIE,461691,6.6,2016-12
011200000000,MAŁOPOLSKIE,461691,5.3,2017-12
011200000000,MAŁOPOLSKIE,461691,4.7,2018-12
011200000000,MAŁOPOLSKIE,461691,4.1,2019-12
011200000000,MAŁOPOLSKIE,461691,5.3,2020-12
011200000000,MAŁOPOLSKIE,461691,5.0,2021-12
011200000000,MAŁOPOLSKIE,461691,4.4,2022-12
011200000000,MAŁOPOLSKIE,461691,4.2,2023-12
011200000000,MAŁOPOLSKIE,461691,4.2,2024-12
012400000000,ŚLĄSKIE,461691,10.2,2011-12
012400000000,ŚLĄSKIE,461691,11.1,2012-12
012400000000,ŚLĄSKIE,461691,11.3,2013-12
012400000000,ŚLĄSKIE,461691,9.6,2014-12
012400000000,ŚLĄSKIE,461691,8.2,2015-12
012400000000,ŚLĄSKIE,461691,6.6,2016-12
012400000000,ŚLĄSKIE,461691,5.1,2017-12
012400000000,ŚLĄSKIE,461691,4.3,2018-12
012400000000,ŚLĄSKIE,461691,3.6,2019-12
012400000000,ŚLĄSKIE,461691,4.9,2020-12
012400000000,ŚLĄSKIE,461691,4.3,2021-12
012400000000,ŚLĄSKIE,461691,3.7,2022-12
012400000000,ŚLĄSKIE,461691,3.6,2023-12
012400000000,ŚLĄSKIE,461691,3.6,2024-12
020800000000,LUBUSKIE,461691,15.4,2011-12
020800000000,LUBUSKIE,461691,15.9,2012-12
020800000000,LUBUSKIE,461691,15.7,2013-12
020800000000,LUBUSKIE,461691,12.5,2014-12
020800000000,LUBUSKIE,461691,10.5,2015-12
020800000000,LUBUSKIE,461691,8.6,2016-12
020800000000,LUBUSKIE,461691,6.5,2017-12
020800000000,LUBUSKIE,461691,5.8,2018-12
020800000000,LUBUSKIE,461691,4.9,2019-12
020800000000,LUBUSKIE,461691,6.3,2020-12
020800000000,LUBUSKIE,461691,5.1,2021-12
020800000000,LUBUSKIE,461691,4.4,2022-12
020800000000,LUBUSKIE,461691,4.3,2023-12
020800000000,LUBUSKIE,461691,4.5,2024-12
023000000000,WIELKOPOLSKIE,461691,9.1,2011-12
023000000000,WIELKOPOLSKIE,461691,9.8,2012-12
023000000000,WIELKOPOLSKIE,461691,9.6,2013-12
023000000000,WIELKOPOLSKIE,461691,7.6,2014-12
023000000000,WIELKOPOLSKIE,461691,6.1,2015-12
023000000000,WIELKOPOLSKIE,461691,4.9,2016-12
023000000000,WIELKOPOLSKIE,461691,3.7,2017-12
023000000000,WIELKOPOLSKIE,461691,3.2,2018-12
023000000000,WIELKOPOLSKIE,461691,2.8,2019-12
023000000000,WIELKOPOLSKIE,461691,3.7,2020-12
023000000000,WIELKOPOLSKIE,461691,3.2,2021-12
023000000000,WIELKOPOLSKIE,461691,2.9,2022-12
023000000000,WIELKOPOLSKIE,461691,3.0,2023-12
023000000000,WIELKOPOLSKIE,461691,3.0,2024-12
023200000000,ZACHODNIOPOMORSKIE,461691,17.6,2011-12
023200000000,ZACHODNIOPOMORSKIE,461691,18.2,2012-12
023200000000,ZACHODNIOPOMORSKIE,461691,18.0,2013-12
023200000000,ZACHODNIOPOMORSKIE,461691,15.5,2014-12
023200000000,ZACHODNIOPOMORSKIE,461691,13.1,2015-12
023200000000,ZACHODNIOPOMORSKIE,461691,10.9,2016-12
023200000000,ZACHODNIOPOMORSKIE,461691,8.5,2017-12
023200000000,ZACHODNIOPOMORSKIE,461691,7.4,2018-12
023200000000,ZACHODNIOPOMORSKIE,461691,6.8,2019-12
023200000000,ZACHODNIOPOMORSKIE,461691,8.4,2020-12
023200000000,ZACHODNIOPOMORSKIE,461691,7.3,2021-12
023200000000,ZACHODNIOPOMORSKIE,461691,6.7,2022-12
023200000000,ZACHODNIOPOMORSKIE,461691,6.7,2023-12
023200000000,ZACHODNIOPOMORSKIE,461691,6.8,2024-12
030200000000,DOLNOŚLĄSKIE,461691,12.4,2011-12
030200000000,DOLNOŚLĄSKIE,461691,13.5,2012-12
030200000000,DOLNOŚLĄSKIE,461691,13.1,2013-12
030200000000,DOLNOŚLĄSKIE,461691,10.4,2014-12
030200000000,DOLNOŚLĄSKIE,461691,8.5,2015-12
030200000000,DOLNOŚLĄSKIE,461691,7.2,2016-12
030200000000,DOLNOŚLĄSKIE,461691,5.7,2017-12
030200000000,DOLNOŚLĄSKIE,461691,5.2,2018-12
030200000000,DOLNOŚLĄSKIE,461691,4.6,2019-12
030200000000,DOLNOŚLĄSKIE,461691,5.6,2020-12
030200000000,DOLNOŚLĄSKIE,461691,4.9,2021-12
030200000000,DOLNOŚLĄSKIE,461691,4.5,2022-12
030200000000,DOLNOŚLĄSKIE,461691,4.4,2023-12
030200000000,DOLNOŚLĄSKIE,461691,4.6,2024-12
031600000000,OPOLSKIE,461691,13.3,2011-12
031600000000,OPOLSKIE,461691,14.4,2012-12
031600000000,OPOLSKIE,461691,14.2,2013-12
031600000000,OPOLSKIE,461691,11.8,2014-12
031600000000,OPOLSKIE,461691,10.1,2015-12
031600000000,OPOLSKIE,461691,9.0,2016-12
031600000000,OPOLSKIE,461691,7.3,2017-12
031600000000,OPOLSKIE,461691,6.3,2018-12
031600000000,OPOLSKIE,461691,5.8,2019-12
031600000000,OPOLSKIE,461691,6.9,2020-12
031600000000,OPOLSKIE,461691,6.4,2021-12
031600000000,OPOLSKIE,461691,5.9,2022-12
031600000000,OPOLSKIE,461691,5.9,2023-12
031600000000,OPOLSKIE,461691,5.9,2024-12
040400000000,KUJAWSKO-POMORSKIE,461691,17.0,2011-12
040400000000,KUJAWSKO-POMORSKIE,461691,18.1,2012-12
040400000000,KUJAWSKO-POMORSKIE,461691,18.2,2013-12
040400000000,KUJAWSKO-POMORSKIE,461691,15.5,2014-12
040400000000,KUJAWSKO-POMORSKIE,461691,13.2,2015-12
040400000000,KUJAWSKO-POMORSKIE,461691,12.0,2016-12
040400000000,KUJAWSKO-POMORSKIE,461691,9.9,2017-12
040400000000,KUJAWSKO-POMORSKIE,461691,8.8,2018-12
040400000000,KUJAWSKO-POMORSKIE,461691,7.9,2019-12
040400000000,KUJAWSKO-POMORSKIE,461691,9.0,2020-12
040400000000,KUJAWSKO-POMORSKIE,461691,8.1,2021-12
040400000000,KUJAWSKO-POMORSKIE,461691,7.3,2022-12
040400000000,KUJAWSKO-POMORSKIE,461691,7.1,2023-12
040400000000,KUJAWSKO-POMORSKIE,461691,7.3,2024-12
042200000000,POMORSKIE,461691,12.5,2011-12
042200000000,POMORSKIE,461691,13.4,2012-12
042200000000,POMORSKIE,461691,13.2,2013-12
042200000000,POMORSKIE,461691,11.1,2014-12
042200000000,POMORSKIE,461691,8.9,2015-12
042200000000,POMORSKIE,461691,7.1,2016-12
042200000000,POMORSKIE,461691,5.4,2017-12
042200000000,POMORSKIE,461691,4.9,2018-12
042200000000,POMORSKIE,461691,4.5,2019-12
042200000000,POMORSKIE,461691,5.9,2020-12
042200000000,POMORSKIE,461691,5.2,2021-12
042200000000,POMORSKIE,461691,4.6,2022-12
042200000000,POMORSKIE,461691,4.6,2023-12
042200000000,POMORSKIE,461691,4.6,2024-12
042800000000,WARMIŃSKO-MAZURSKIE,461691,20.2,2011-12
042800000000,WARMIŃSKO-MAZURSKIE,461691,21.3,2012-12
042800000000,WARMIŃSKO-MAZURSKIE,461691,21.6,2013-12
042800000000,WARMIŃSKO-MAZURSKIE,461691,18.7,2014-12
042800000000,WARMIŃSKO-MAZURSKIE,461691,16.2,2015-12
042800000000,WARMIŃSKO-MAZURSKIE,461691,14.2,2016-12
042800000000,WARMIŃSKO-MAZURSKIE,461691,11.7,2017-12
042800000000,WARMIŃSKO-MAZURSKIE,461691,10.4,2018-12
042800000000,WARMIŃSKO-MAZURSKIE,461691,9.1,2019-12
042800000000,WARMIŃSKO-MAZURSKIE,461691,10.2,2020-12
042800000000,WARMIŃSKO-MAZURSKIE,461691,9.1,2021-12
042800000000,WARMIŃSKO-MAZURSKIE,461691,8.6,2022-12
042800000000,WARMIŃSKO-MAZURSKIE,461691,8.3,2023-12
042800000000,WARMIŃSKO-MAZURSKIE,461691,8.3,2024-12
